,region,core,lat,long,water_depth_m,temp_c,pH_total,DCO3_c,DCO3_a,B_umolkg,borate_bicarbonate_molmol,species,B_Ca_umolmol,reference,salinity,pH foram,pressure_bar,KspC,KspA,CO3sat_c,CO3sat_a,omega_c,omega_a,CO3_mmolkg,log(omega_c),omega_c_linpred,omega_c_logpred,lin_r_sq,log_r_sq,DCO3_c_linpred,lin_DCO3_r_sq
0,Norwegian,PS2647,68.78,21.06,1376,-0.772161,8.130487715832253,61.145027634034214,29.539161792819883,415.0562742857143,0.03343532243434524,Cibicidoides wuellerstorfi,239.86194626088425,Yu and Elderfield (2007),35.0,,138.1240762944,5.754381725379663e-07,9.006487934781547e-07,57.543817253796625,90.06487934781546,2.0625820557637753,1.3279764765880004,,0.7239586230480518,1.6817234603737288,1.716994486140025,0.701648866704037,0.7485018946413058,48.63160872076834,0.7722872286249991
1,Norwegian,23247-2,69.49,17.12,1375,-0.795071,8.121243722013206,58.870814943529666,27.267210032141506,415.05033142857144,0.032731720870041205,Cibicidoides wuellerstorfi,248.83006504767172,Yu and Elderfield (2007),35.0,,138.023695425,5.753571670650134e-07,9.005444808490352e-07,57.53571670650133,90.05444808490353,2.0232046859490582,1.302785821378128,,0.7046827324786162,1.7704905183609743,1.8435543591607897,0.701648866704037,0.7485018946413058,55.05635016571044,0.7722872286249991
2,Norwegian,23400,72.35,7.81,2630,-1.14911,8.086946273647124,43.4706643138081,5.91415232877452,414.7460571428572,0.033681592677134393,Cibicidoides wuellerstorfi,214.29504580786534,Yu and Elderfield (2007),35.0,,264.001686522,7.486425379187866e-07,1.15385025572509e-06,74.86425379187865,115.38502557250901,1.5806598224388344,1.0512558046369544,,0.457842369002951,1.4286605171831397,1.4018904686503124,0.701648866704037,0.7485018946413058,30.31553498619415,0.7722872286249991
3,Norwegian,23424,70.04,0.07,3247,-0.869125,8.05041523207011,29.42378802371624,-14.046394649363691,414.94336,0.03469169736917098,Cibicidoides wuellerstorfi,223.6121661279662,Yu and Elderfield (2007),35.0,,325.93668294180003,8.470073763125158e-07,1.295324840737323e-06,84.70073763125158,129.5324840737323,1.3473852630636347,0.8915608331778133,,0.2981658721709942,1.5208820164062558,1.5093957558517146,0.701648866704037,0.7485018946413058,36.99030039588685,0.7722872286249991
4,Norwegian,23240,68.16,-9.59,1851,-0.784229,8.087971646174411,48.6646474109856,14.331215316512711,414.9611885714286,0.032196786565136595,Cibicidoides wuellerstorfi,237.95687854247163,Yu and Elderfield (2007),35.0,,185.8049892594,6.358215540711542e-07,9.893149726936953e-07,63.582155407115415,98.93149726936953,1.7653821594972163,1.1448599860718962,,0.5683671879095754,1.6628669687671387,1.6912494466947678,0.701648866704037,0.7485018946413058,47.26682221237162,0.7722872286249991
5,Norwegian,1914-5,73.97,-7.68,1663,-1.08234,8.104532595952904,52.30834609715771,19.023020083738942,414.80429714285714,0.032296811995908996,Cibicidoides wuellerstorfi,241.8611801278831,Yu and Elderfield (2007),35.0,,166.93338581220002,6.120085729913239e-07,9.546348904176733e-07,61.200857299132394,95.46348904176733,1.854699564770627,1.199270111271713,,0.6177227232501269,1.7015120150105618,1.7444336298136571,0.701648866704037,0.7485018946413058,50.0638556600443,0.7722872286249991
6,Norwegian,HM03-133-05,64.33,-6.08,3299,-0.864016,8.044259960198929,27.660950549741386,-16.179912313119246,414.98496,0.034414949005158506,Cibicidoides wuellerstorfi,218.79376360351307,Yu and Elderfield (2007),35.0,,331.1564881506,8.558812343948469e-07,1.3080478408418122e-06,85.58812343948469,130.80478408418122,1.3231867861818367,0.8763048887974431,,0.28004305897823445,1.4731891360527793,1.4528075614900002,0.701648866704037,0.7485018946413058,33.538406957223216,0.7722872286249991
7,Norwegian,HM03-133-11,63.0,-6.08,1652,-0.839,8.118426258121554,56.71995036146795,23.540857092637054,414.9659428571428,0.03352613675725855,Cibicidoides wuellerstorfi,261.22973312984715,Yu and Elderfield (2007),35.0,,165.8291962488,6.100182478795319e-07,9.515409060826133e-07,61.00182478795319,95.15409060826133,1.929807437050132,1.2473972158438476,,0.6574202243899281,1.893223287834843,2.0340497670383835,0.701648866704037,0.7485018946413058,63.939446311631954,0.7722872286249991
8,Atlantic,NEAP 8K,59.44,22.12,2360,3.21866,8.013677087027187,47.29857027804489,11.002086111319556,415.47821714285715,0.032529359741867825,Cibicidoides wuellerstorfi,217.89611478986546,Yu and Elderfield (2007),35.0,,236.89885178400002,6.901117591926e-07,1.0639754436336409e-06,69.01117591926,106.39754436336408,1.6853755156031844,1.103405451480588,,0.5219883968999252,1.4643041462140372,1.4425022670312715,0.701648866704037,0.7485018946413058,32.89533323427683,0.7722872286249991
9,Atlantic,NEAP 16B,56.36533,27.81333,2848,2.7411,8.00187175386511,39.25987472437329,-0.1270844978774619,415.65769142857147,0.033022543394325,Cibicidoides wuellerstorfi,227.4288274461307,Yu and Elderfield (2007),35.0,,285.88471605120003,7.612961895748906e-07,1.1672281403304e-06,76.12961895748907,116.72281403304,1.5156977699612038,0.9989112282895999,,0.4158759071613944,1.558659593242807,1.5557795772321874,0.701648866704037,0.7485018946413058,39.72454854035222,0.7722872286249991
10,Atlantic,NEAP 17B,56.1,27.2,2734,2.7427,7.998993041051348,39.34665352380368,0.6640017885652725,415.59350857142863,0.03241039874862454,Cibicidoides wuellerstorfi,221.89299283207703,Yu and Elderfield (2007),35.0,,274.44129693959997,7.44597603693218e-07,1.1432198599579852e-06,74.4597603693218,114.32198599579853,1.52842841997669,1.005808172266966,,0.42424003101122043,1.503865520608815,1.4889569096122546,0.701648866704037,0.7485018946413058,35.75868826097518,0.7722872286249991
11,Atlantic,NEAP 19B,52.45,30.2,3283,2.81926,7.968498254266387,28.543554827823897,-13.584210036610799,415.4556342857143,0.03228289520302634,Cibicidoides wuellerstorfi,208.0,Yu and Elderfield (2007),35.0,,329.5503942402,8.274848168679267e-07,1.2618824169312546e-06,82.74848168679267,126.18824169312545,1.3449435475548994,0.8923496369047922,,0.2963520400948084,1.3663517198150221,1.3336238428111589,0.701648866704037,0.7485018946413058,25.805777403680125,0.7722872286249991
12,Atlantic,NEAP 20B,42.29,28.24,2878,3.03045,7.983455751527299,36.60301330852397,-2.858450556636896,415.32608000000005,0.0319036911005339,Cibicidoides wuellerstorfi,230.0039983948287,Yu and Elderfield (2007),35.0,,288.8961421332,7.641278796906033e-07,1.1708451999773848e-06,76.41278796906032,117.08451999773848,1.4790168541336903,0.9755864348532829,,0.3913775792916508,1.5841488128176997,1.5878782424057827,0.701648866704037,0.7485018946413058,41.569395594149725,0.7722872286249991
13,Atlantic,T86 5B,46.9,25.4,3121,2.99545,7.98007114107855,33.72390590879938,-7.279573359184212,415.3058742857143,0.03253070602669948,Cibicidoides wuellerstorfi,208.6133222602958,Yu and Elderfield (2007),35.0,,313.2886933974,8.00986913993649e-07,1.2237151996431792e-06,80.0986913993649,122.37151996431791,1.421029424072049,0.9405125198959133,,0.3513815554959748,1.3724224258280553,1.340126178793605,0.701648866704037,0.7485018946413058,26.245160181552492,0.7722872286249991
14,Atlantic,T86 9B,40.8,27.5,2026,3.44968,8.032362316063388,54.52978870178616,20.18552388777023,415.2939885714286,0.03285402487257888,Cibicidoides wuellerstorfi,226.08565145395437,Yu and Elderfield (2007),35.0,,203.3716414044,6.456193927420823e-07,9.992347126513792e-07,64.56193927420824,99.92347126513792,1.8446120007360154,1.2020098344483026,,0.612268957672771,1.5453647446776597,1.5392956474075978,0.701648866704037,0.7485018946413058,38.76230008335138,0.7722872286249991
15,Atlantic,T86 15B,30.483,36.95,3271,2.77094,7.947791749627923,25.46315070929765,-16.607307930648858,415.22624,0.030277004506317297,Cibicidoides wuellerstorfi,205.61774505051812,Yu and Elderfield (2007),35.0,,328.3458238074,8.259114947215115e-07,1.2597194804181553e-06,82.59114947215114,125.97194804181552,1.308303624202295,0.8681666181336167,,0.26873135469236,1.3427719960994304,1.3086654611453117,0.701648866704037,0.7485018946413058,24.099134966148668,0.7722872286249991
16,Atlantic,T88 7B,50.5,26.5,3013,2.90445,7.978448937283907,33.92412093714205,-6.431686526586148,415.376,0.031914880897332576,Cibicidoides wuellerstorfi,212.66275871724707,Yu and Elderfield (2007),35.0,,302.44755950219997,7.850521114164841e-07,1.201052260971779e-06,78.50521114164842,120.10522609717789,1.432125720621681,0.9464495698015486,,0.3591598584150341,1.412504027035149,1.3838605604677494,0.701648866704037,0.7485018946413058,29.14616794607541,0.7722872286249991
17,Atlantic,T88 9B,48.4,25.1,3074,2.86077,7.990937789446982,36.18958312282511,-4.571050643052047,415.3605485714286,0.03295626233231837,Cibicidoides wuellerstorfi,204.19600063656145,Yu and Elderfield (2007),35.0,,308.5707925356,7.946116221566142e-07,1.2148151803080996e-06,79.46116221566142,121.48151803080995,1.4554373748599956,0.9623724602956251,,0.3753064567302912,1.3286994718792262,1.293993272917228,0.701648866704037,0.7485018946413058,23.080600256960864,0.7722872286249991
18,Atlantic,T88 11B,45.4,25.4,2741,3.04979,8.003370546932274,41.938054990564254,3.3247468957468413,415.3831314285714,0.03293914716325148,Cibicidoides wuellerstorfi,208.56685027388704,Yu and Elderfield (2007),35.0,,275.1439630254,7.440250379859917e-07,1.1419360122968446e-06,74.40250379859917,114.19360122968446,1.5636645656991164,1.029115001715898,,0.4470321470613097,1.37196244290294,1.3396323827199301,0.701648866704037,0.7485018946413058,26.21186774818854,0.7722872286249991
19,Atlantic,T88 12B,44.1,24.9,3052,2.88629,7.980601935438129,34.297266018632854,-6.31279705929019,415.32608000000005,0.03210259574685752,Cibicidoides wuellerstorfi,208.3673747216128,Yu and Elderfield (2007),35.0,,306.3624134088,7.910911985000226e-07,1.2097325118089261e-06,79.10911985000226,120.9732511808926,1.4335437694625277,0.9478165875706639,,0.36014953915909603,1.369988020135274,1.3375148868026048,0.701648866704037,0.7485018946413058,26.06896388190198,0.7722872286249991
20,Atlantic,T88 13B,42.9,25.3,3133,2.77176,7.966946834815115,30.487208616188752,-10.688243842544594,415.2702171428572,0.031204679910793117,Cibicidoides wuellerstorfi,211.25739229508883,Yu and Elderfield (2007),35.0,,314.4932638302,8.042636411015697e-07,1.2287760328415263e-06,80.42636411015698,122.87760328415261,1.3790698355384008,0.91301715237863,,0.3214092396887204,1.398593613306816,1.3685230534313828,0.701648866704037,0.7485018946413058,28.1393663957801,0.7722872286249991
21,Atlantic,T88 14B,40.4,25.8,2858,2.96067,7.985297108545343,37.02619649821007,-2.338365436844043,415.35104,0.03185120521527859,Cibicidoides wuellerstorfi,209.888874313397,Yu and Elderfield (2007),35.0,,286.8885247452,7.615637430882367e-07,1.1672736238682104e-06,76.15637430882367,116.72736238682104,1.4861864398646945,0.9799672896823028,,0.396213402668316,1.3850479279824426,1.353751069241821,0.701648866704037,0.7485018946413058,27.158962990767478,0.7722872286249991
22,Atlantic,T88 15aB,38.9,25.0,2738,2.99981,7.983661282002601,37.69087020049302,-0.9223342772422711,415.3569828571429,0.03135028127873933,Cibicidoides wuellerstorfi,225.42913487417908,Yu and Elderfield (2007),35.0,,274.8428204172,7.438502981889197e-07,1.1417604226735712e-06,74.38502981889197,114.17604226735712,1.506699671859518,0.9919218230118494,,0.409921611037545,1.5388664983127298,1.5313023051844656,0.701648866704037,0.7485018946413058,38.29197298581248,0.7722872286249991
23,Atlantic,T88 17B,35.4,29.4,2934,2.90772,7.96884504972899,32.9313802558663,-6.926616725389948,415.3748114285715,0.030825179985157193,Cibicidoides wuellerstorfi,209.3521474033022,Yu and Elderfield (2007),35.0,,294.51747081959996,7.731441335751111e-07,1.1839756963355002e-06,77.3144133575111,118.39756963355002,1.425941022194499,0.9414969686723437,,0.35483196222691243,1.379735368025956,1.3480011867260715,0.701648866704037,0.7485018946413058,26.774452960750708,0.7722872286249991
24,Atlantic,T88 19B,31.308,30.475,3726,2.51401,7.9510875105215115,21.42399027949523,-23.83828906562256,414.92196571428576,0.031630403757475306,Cibicidoides wuellerstorfi,194.4279973862823,Yu and Elderfield (2007),35.0,,374.01911938439997,9.030792399053965e-07,1.3700456424466146e-06,90.30792399053965,137.00456424466148,1.2372326738652473,0.8260036868329995,,0.2128771710057935,1.2320151023306678,1.1975401797497855,0.701648866704037,0.7485018946413058,16.0828232639915,0.7722872286249991
25,Atlantic,T90-1B,58.5,20.493,2911,2.62757,7.9847671650922285,34.25950575875126,-5.564494925977272,415.6125257142857,0.03195676777391387,Cibicidoides wuellerstorfi,226.4581052072354,Yu and Elderfield (2007),35.0,,292.2087108234,7.713046916835703e-07,1.1817741736028957e-06,77.13046916835702,118.17741736028957,1.4441760322236743,0.9529140587916836,,0.3675389390127789,1.5490513176034972,1.543848951615506,0.701648866704037,0.7485018946413058,39.02912516918259,0.7722872286249991
26,Atlantic,T90-2B,53.1,20.8,2731,2.79752,7.98701206830753,37.44734720759293,-1.196486411342491,415.34272,0.031412839057324254,Cibicidoides wuellerstorfi,214.44008727377317,Yu and Elderfield (2007),35.0,,274.1401543314,7.438807614052617e-07,1.1421072611929268e-06,74.38807614052617,114.21072611929269,1.5034052384531538,0.9895238700251957,,0.40773269415928076,1.4300961476114256,1.4035038862314286,0.701648866704037,0.7485018946413058,30.41944238744604,0.7722872286249991
27,Atlantic,T90-3B,47.673,20.808,4479,2.56814,7.907004147352799,3.610390507530994,-47.08053215681625,414.92077714285716,0.03132675965518091,Cibicidoides wuellerstorfi,197.82584870359068,Yu and Elderfield (2007),35.0,,449.6059140426,1.0403650780261828e-06,1.5637481660778658e-06,104.03650780261827,156.37481660778658,1.0347031112807126,0.6989251007411131,,0.034114536564145134,1.265647268907221,1.230247848708526,0.701648866704037,0.7485018946413058,18.517036804318863,0.7722872286249991
28,Atlantic,T90 4B,47.2,21.387,3945,2.55605,7.937199480141921,16.165360613362367,-30.61419048107706,414.9802057142857,0.03153383237029091,Cibicidoides wuellerstorfi,186.77652118963317,Yu and Elderfield (2007),35.0,,396.002529783,9.410610725615041e-07,1.4237913515277656e-06,94.10610725615041,142.37913515277654,1.1717780182890931,0.7849812021387317,,0.15852226902538843,1.1562802634660636,1.1270357383874592,0.701648866704037,0.7485018946413058,10.601321802612105,0.7722872286249991
29,Atlantic,T90 7B,46.295,23.605,3752,2.64747,7.955365056295535,22.56455736146144,-22.8078999449243,415.11213714285714,0.03222824816200935,Cibicidoides wuellerstorfi,207.5375096160952,Yu and Elderfield (2007),35.0,,376.6290219888,9.06418569493895e-07,1.3745271059255763e-06,90.6418569493895,137.45271059255762,1.248941914043757,0.8340672959696493,,0.22229672409223425,1.3617739581124115,1.3287414737916563,0.701648866704037,0.7485018946413058,25.474450264956445,0.7722872286249991
30,Atlantic,T90 8B,46.2,23.715,3393,2.79718,7.953569727475462,25.655015929504955,-17.20653807605656,415.21197714285717,0.031142003646934046,Cibicidoides wuellerstorfi,189.80956747590943,Yu and Elderfield (2007),35.0,,340.59228987420005,8.452751775828412e-07,1.2873001345884147e-06,84.52751775828412,128.73001345884146,1.303510816475983,0.8663362364864665,,0.26506125238229433,1.1863015646968793,1.154473013193306,0.701648866704037,0.7485018946413058,12.774189785647295,0.7722872286249991
31,Atlantic,T90 10B,45.355,27.152,2162,3.31248,8.03843507877812,54.37648043414504,19.23832554579161,414.9195885714286,0.03369093064849595,Cibicidoides wuellerstorfi,223.9050869556137,Yu and Elderfield (2007),35.0,,217.02343964279999,6.635433428416776e-07,1.0254040556542274e-06,66.35433428416775,102.54040556542274,1.8194864890253197,1.1876170221846567,,0.5985543123900311,1.5237813669514075,1.512906091363828,0.701648866704037,0.7485018946413058,37.20014826099835,0.7722872286249991
32,Atlantic,T90 11B,45.0,24.66,3208,2.7872,7.96826977103843,29.852860202255258,-11.800285451932083,415.28091428571435,0.03168561641196822,Cibicidoides wuellerstorfi,199.26698085543057,Yu and Elderfield (2007),35.0,,322.0218290352,8.158612261032029e-07,1.2453341295535945e-06,81.58612261032029,124.53341295535944,1.3659061032332844,0.9052440210872399,,0.31181802030377836,1.2799116942935265,1.2443885585925447,0.701648866704037,0.7485018946413058,19.549460848166873,0.7722872286249991
33,Atlantic,T90 13B,44.0,20.017,4016,2.57709,7.920851333164139,11.762191572079502,-35.51261003718011,414.99446857142857,0.03074268021966674,Cibicidoides wuellerstorfi,190.01935230137684,Yu and Elderfield (2007),35.0,,403.1295715104,9.535872445171499e-07,1.441463819296484e-06,95.35872445171499,144.14638192964838,1.1233467796440093,0.7536350925928041,,0.11631242563402451,1.188378029361302,1.1563952633060481,0.701648866704037,0.7485018946413058,12.924479193575976,0.7722872286249991
34,Atlantic,T90 15B,47.6,20.922,4177,2.55332,7.921102555039386,9.992688451328604,-38.46215345979651,414.9172114285715,0.0312645911472631,Cibicidoides wuellerstorfi,195.3574940474876,Yu and Elderfield (2007),35.0,,419.2908914838,9.832341746767116e-07,1.4833753313077225e-06,98.32341746767116,148.33753313077224,1.101630808902815,0.7407119247029083,,0.09679163545482114,1.2412153243600326,1.2064001094828898,0.701648866704037,0.7485018946413058,16.748712717973646,0.7722872286249991
35,Atlantic,CD113A-SiteA,52.92,16.92,3600,2.51248,7.947205566973908,21.484281218064808,-22.909955077441182,414.9706971428572,0.031013411537823554,Cibicidoides wuellerstorfi,210.55866861369063,Yu and Elderfield (2007),35.0,,361.37112984,8.816342305492401e-07,1.3395816449864478e-06,88.16342305492401,133.95816449864475,1.243687012976805,0.828976791648463,,0.21808036537555428,1.3916775981403897,1.3609608974635377,0.701648866704037,0.7485018946413058,27.63880221937164,0.7722872286249991
36,Atlantic,CD113A-SiteC,57.91,12.52,1900,3.56951,8.03939091562473,57.27013467489337,23.64479941507409,415.22861714285716,0.0330313541661559,Cibicidoides wuellerstorfi,221.0256836077527,Yu and Elderfield (2007),35.0,,190.72365186,6.29475342839323e-07,9.75635698370863e-07,62.9475342839323,97.56356983708629,1.9098074344988583,1.242352749643711,,0.647002417341792,1.4952808341167168,1.4787509432430797,0.701648866704037,0.7485018946413058,35.13734975603627,0.7722872286249991
37,Atlantic,BOFS 5K,50.7,21.9,3547,2.51206,7.954463623620302,23.49889123204379,-20.533902092212827,414.98139428571426,0.031351004333770686,Cibicidoides wuellerstorfi,204.97852528422774,Yu and Elderfield (2007),35.0,,356.05094376180006,8.727447003781929e-07,1.3269372136177195e-06,87.27447003781928,132.69372136177194,1.2692527519429317,0.8452534009787106,,0.23842834300762658,1.3364449547867654,1.302048337279137,0.701648866704037,0.7485018946413058,23.641199269426792,0.7722872286249991
38,Atlantic,BOFS 8K,52.5,22.1,4045,2.52469,7.92724724583305,12.237648638904659,-35.27626259150537,414.9338514285714,0.031325097953096896,Cibicidoides wuellerstorfi,196.44155078412675,Yu and Elderfield (2007),35.0,,406.04061672299997,9.59336486674739e-07,1.4496983182603096e-06,95.93364866747389,144.96983182603097,1.127563673527345,0.7566648029650875,,0.12005926399513009,1.2519453926709567,1.2168161400134856,0.701648866704037,0.7485018946413058,17.5253286850609,0.7722872286249991
39,Atlantic,BOFS 11K,55.2,20.4,2004,3.42071,8.04105171942397,56.45266729979337,22.22228077378442,415.11926857142856,0.03338843141253994,Cibicidoides wuellerstorfi,224.01199036446957,Yu and Elderfield (2007),35.0,,201.1632622776,6.429316737885123e-07,9.953702416043167e-07,64.29316737885124,99.53702416043167,1.878050803861361,1.2232564310739993,,0.6302344325295204,1.5248395042618683,1.5141892441180596,0.701648866704037,0.7485018946413058,37.276733638356845,0.7722872286249991
40,Atlantic,BOFS 30K,19.75,20.73,3500,2.47978,7.939998936359079,21.091728091818638,-22.637752664461004,414.90413714285717,0.030040961525902805,Cibicidoides wuellerstorfi,207.55783142727878,Yu and Elderfield (2007),35.0,,351.3330429,8.651707550550204e-07,1.3162139822646375e-06,86.51707550550204,131.62139822646375,1.243786882168449,0.8280085687472247,,0.2181606630557773,1.361975104800432,1.3289556289933784,0.701648866704037,0.7485018946413058,25.4890087677653,0.7722872286249991
41,Atlantic,M12310-3,23.3,18.43,3069,2.74688,7.955964359082402,29.12162328968617,-11.654124012031033,415.22861714285716,0.030033053091790777,Cibicidoides wuellerstorfi,223.05197580405286,Yu and Elderfield (2007),35.0,,308.0688881886,7.945493416357693e-07,1.2149120379202009e-06,79.45493416357692,121.49120379202009,1.3665174931708126,0.9040743391432549,,0.3122655277462818,1.5153372139622951,1.5027051547160093,0.701648866704037,0.7485018946413058,36.588981225538205,0.7722872286249991
42,Atlantic,PC174BX,-27.0155,3.8595,2670,2.43077,7.959750907863621,30.984996586861485,-7.413338970186928,414.3621485714286,0.028755488532527983,Cibicidoides wuellerstorfi,213.03572025362166,Yu and Elderfield (2007),35.0,,268.016921298,7.369189295645278e-07,1.13261672441059e-06,73.69189295645278,113.26167244105899,1.420466829440406,0.9345467993681198,,0.35098557071274733,1.4161956260330513,1.3879596699933714,0.701648866704037,0.7485018946413058,29.413356806647286,0.7722872286249991
43,Atlantic,ODP1088,-41.08,-13.34,2082,2.63249,7.895337130222214,23.202356850063765,-11.66799693402288,413.25915428571426,0.0233442377281704,Cibicidoides wuellerstorfi,220.0956677095347,Yu and Elderfield (2007),35.0,,208.99297009080001,6.555325275227491e-07,1.01464491046399e-06,65.5532527522749,101.464491046399,1.3539466902999497,0.8850041348092192,,0.3030238017060856,1.4860754726436052,1.4678847958967642,0.701648866704037,0.7485018946413058,34.471088321749804,0.7722872286249991
44,Atlantic,M35014-1,17.842,63.737,1604,4.12187,8.008562522682865,54.861908498616344,22.92523006498574,415.7301942857143,0.030127304720772463,Cibicidoides wuellerstorfi,239.3381192461945,Yu and Elderfield (2007),35.0,,161.0109145176,5.925048873032043e-07,9.211406403703051e-07,59.250488730320434,92.11406403703052,1.9259317462902494,1.2488787168891997,,0.6554098746847766,1.6765385844712424,1.7098766861636079,0.701648866704037,0.7485018946413058,48.25634014869995,0.7722872286249991
45,Atlantic,M35020-1,17.93,65.67,2004,4.00389,7.993926434639922,49.04920912020098,14.972040222404004,415.83597714285713,0.03043761700746375,Cibicidoides wuellerstorfi,225.8848721776892,Yu and Elderfield (2007),35.0,,201.1632622776,6.410481260935684e-07,9.918805079697097e-07,64.10481260935683,99.18805079697097,1.765140823655441,1.150946007125903,,0.5682304739760856,1.5433774175600568,1.5368466633967526,0.701648866704037,0.7485018946413058,38.61846223193858,0.7722872286249991
46,Atlantic,M35004-1,14.41,61.662,2885,3.36001,7.961235831962368,33.63226711836144,-5.7445699562008485,415.41284571428577,0.030542705790546007,Cibicidoides wuellerstorfi,224.89846319380712,Yu and Elderfield (2007),35.0,,289.59880821900003,7.633186880659149e-07,1.169158540130029e-06,76.33186880659149,116.9158540130029,1.440605839267192,0.9508657743237974,,0.3650637468226728,1.5336138734374698,1.5248715192029618,0.701648866704037,0.7485018946413058,37.91180090963907,0.7722872286249991
47,Atlantic,M35026-2,17.508,67.043,3815,2.632,7.907845019862985,10.321006491618945,-35.498684833962926,415.00041142857145,0.029580155928480442,Cibicidoides wuellerstorfi,207.9767030939355,Yu and Elderfield (2007),35.0,,382.953016761,9.174670524398075e-07,1.3902247375182943e-06,91.74670524398074,139.0224737518294,1.1124945736653151,0.7446550627682541,,0.10660485744215155,1.3661211254327759,1.3333774759947523,0.701648866704037,0.7485018946413058,25.789087549153223,0.7722872286249991
48,Atlantic,M35024-6,17.043,66.002,4710,4.35141,7.87920277396347,3.088858428623226,-48.065764994947855,415.75872000000004,0.03195290328909721,Cibicidoides wuellerstorfi,175.01414346470028,Yu and Elderfield (2007),35.0,,472.793894874,1.0637396629047775e-06,1.591956989859926e-06,106.37396629047775,159.19569898599258,1.029037729214575,0.6980712085746921,,0.02862412208311174,1.0398554378810965,1.0266607266757766,0.701648866704037,0.7485018946413058,2.1747791288268417,0.7722872286249991
49,Atlantic,GeoB4413-1,6.087,44.193,4291,1.95114,7.918812691123295,5.066370786241109,-44.60953203498683,414.22070857142853,0.030963880610475284,Cibicidoides wuellerstorfi,188.12712153145188,Yu and Elderfield (2007),35.0,,430.7343105954,1.0110428348410765e-06,1.5238764599588182e-06,101.10428348410765,152.38764599588183,1.0501103475703626,0.7072628050426583,,0.048895251571712366,1.1696485987557839,1.1391719501534812,0.701648866704037,0.7485018946413058,11.568889048088337,0.7722872286249991
50,Atlantic,GeoB1503-2,2.31,30.648,2298,3.14431,7.9897638284940555,42.64244945357845,6.680765822340149,415.39264000000003,0.03035746835532924,Cibicidoides wuellerstorfi,219.86898189992195,Yu and Elderfield (2007),35.0,,230.6752378812,6.820960172621194e-07,1.052487323167469e-06,68.20960172621193,105.2487323167469,1.6251678411016377,1.0634759742495932,,0.4856110972797603,1.4838317208730083,1.4652483629466908,0.701648866704037,0.7485018946413058,34.30869108431078,0.7722872286249991
51,Atlantic,GeoB1504-1,2.288,31.287,2980,2.70222,7.981088936521063,34.46221850636127,-5.765878691754168,415.0752914285714,0.03157662311477823,Cibicidoides wuellerstorfi,221.77303343793457,Yu and Elderfield (2007),35.0,,299.134990812,7.812586909589675e-07,1.195938441984683e-06,78.12586909589675,119.5938441984683,1.4411114897686463,0.9517878304657088,,0.36541468374597813,1.5026781542559466,1.4875411139963106,0.701648866704037,0.7485018946413058,35.672749603205304,0.7722872286249991
52,Atlantic,GeoB1523-2,3.815,41.622,3291,2.53781,7.967128417181472,27.93497936155019,-14.370937588462638,414.9564342857143,0.03157410019753072,Cibicidoides wuellerstorfi,217.8204894967904,Yu and Elderfield (2007),35.0,,330.3534411954,8.307012711998251e-07,1.266958355910664e-06,83.07012711998252,126.69583559106641,1.3362818901336486,0.8865713500256833,,0.2898910484670295,1.4635556018497957,1.4416374104777445,0.701648866704037,0.7485018946413058,32.84115543330692,0.7722872286249991
53,Atlantic,GeoB4415-2,5.853,44.978,3584,2.41487,7.9571996764065345,22.440548941154702,-21.892828240904365,414.80310857142854,0.031810684443756614,Cibicidoides wuellerstorfi,207.82097546642322,Yu and Elderfield (2007),35.0,,359.7650359296,8.797178091386242e-07,1.3370354558611052e-06,87.97178091386242,133.70354558611052,1.2550880374142632,0.8362584317047561,,0.227205719457472,1.364579722640257,1.3317318112379672,0.701648866704037,0.7485018946413058,25.67752460419372,0.7722872286249991
54,Atlantic,GeoB4406-2,5.09,43.762,3709,2.33521,7.938027641464317,16.3093798833428,-28.92833419718042,414.7959771428571,0.03097226591281471,Cibicidoides wuellerstorfi,204.772476519733,Yu and Elderfield (2007),35.0,,372.31264460460005,9.016639308060433e-07,1.3683751556973987e-06,90.16639308060432,136.83751556973988,1.18088091722559,0.7885935441261577,,0.16626069997686804,1.334405469911403,1.2999224850439017,0.701648866704037,0.7485018946413058,23.493586367724518,0.7722872286249991
55,Atlantic,GeoB4416-2,5.675,45.088,3903,2.24967,7.956783943437422,18.553682462843753,-28.098773599003465,414.71040000000005,0.03272232726019767,Cibicidoides wuellerstorfi,211.3676660049601,Yu and Elderfield (2007),35.0,,391.78653326819995,9.364121459315112e-07,1.4178226296299588e-06,93.64121459315112,141.78226296299587,1.1981358586969968,0.8018174275696457,,0.1807668978519215,1.3996851100890657,1.3697203582849111,0.701648866704037,0.7485018946413058,28.218366249700566,0.7722872286249991
56,Atlantic,GeoB4403-1,6.134,43.441,4503,1.44429,7.902331142598509,-2.9388418122230746,-54.57326168125989,413.52064000000007,0.029922642480545877,Cibicidoides wuellerstorfi,179.9101384555392,Yu and Elderfield (2007),35.0,,452.0150549082,1.058285834494536e-06,1.5914737366437719e-06,105.82858344945359,159.1473736643772,0.9722301696155015,0.6570897751894519,,-0.028162702538448405,1.088316333815855,1.067306655918869,0.701648866704037,0.7485018946413058,5.6822596472845674,0.7722872286249991
57,Atlantic,GeoB4420-1,16.472,46.463,2763,2.83912,7.9790428913476035,35.82774338075755,-2.996760269548389,415.2547657142857,0.030942880481812582,Cibicidoides wuellerstorfi,221.65363173659443,Yu and Elderfield (2007),35.0,,277.3523421522,7.483076228463075e-07,1.148412334092939e-06,74.83076228463075,114.84123340929389,1.47878362169399,0.9739051890981705,,0.39121987261597085,1.5014963079848815,1.4861332372905547,0.701648866704037,0.7485018946413058,35.587210475386584,0.7722872286249991
58,Atlantic,GeoB4421-2,16.99,46.01,3176,2.62288,7.954534972223038,26.6291756435226,-14.887291438637646,415.06102857142855,0.030381725878125827,Cibicidoides wuellerstorfi,227.99602479928035,Yu and Elderfield (2007),35.0,,318.8096412144,8.119252549992908e-07,1.2399824202495096e-06,81.19252549992908,123.99824202495094,1.3279757031765917,0.8799394959515473,,0.2836557550861127,1.5642737517451928,1.5627933242628458,0.701648866704037,0.7485018946413058,40.13088753171469,0.7722872286249991
59,Atlantic,GeoB4424-2,18.195,44.018,4779,2.10234,7.884651497343499,-7.654298672803392,-60.996364137389804,414.32768,0.030513759798029998,Cibicidoides wuellerstorfi,181.30150140608117,Yu and Elderfield (2007),35.0,,479.7201748626,1.1061742144198047e-06,1.6571200113253236e-06,110.61742144198047,165.71200113253235,0.930803859165908,0.6319134177336594,,-0.0717067014883495,1.102088140216772,1.0791484792528474,0.701648866704037,0.7485018946413058,6.67902913995384,0.7722872286249991
60,Atlantic,HU91-045-093,50.204666,45.685833,3448,2.17577,7.988218025960923,28.58323605919348,-14.939780647086053,414.84470857142855,0.03360550079102081,Cibicidoides wuellerstorfi,200.60865378386293,Yu and Elderfield (2007),35.0,,346.1132376912,8.588546444523008e-07,1.3077503087315048e-06,85.88546444523008,130.77503087315046,1.3328064445342933,0.8857596855658372,,0.2872868277536049,1.2931916654301192,1.2576994110113844,0.701648866704037,0.7485018946413058,20.51063251346146,0.7722872286249991
61,Atlantic,OMEX 12B,48.9988,13.2087,3656,2.51787,7.963988655775244,24.924392122959716,-19.851664712345723,414.9623771428572,0.03232257379889979,Cibicidoides wuellerstorfi,218.21209283332942,Yu and Elderfield (2007),35.0,,366.99245852639996,8.910715316213241e-07,1.3529857197124322e-06,89.1071531621324,135.2985719712432,1.2797125846632003,0.8532751349617713,,0.24663550948604507,1.4674317186708365,1.4461214320211893,0.701648866704037,0.7485018946413058,33.12169924032544,0.7722872286249991
62,Atlantic,OMEX 14B,48.588,13.3395,4335,2.50499,7.917237266057767,7.19118711528381,-42.46039027468049,414.84470857142855,0.03147420340470718,Cibicidoides wuellerstorfi,184.72908589585967,Yu and Elderfield (2007),35.0,,435.151068849,1.0133939522544887e-06,1.5259739722657336e-06,101.33939522544887,152.59739722657335,1.0709614173173783,0.7217489220236423,,0.06855676590295313,1.1360146077841513,1.1088840263568664,0.701648866704037,0.7485018946413058,9.134543462529948,0.7722872286249991
63,Indian,WIND 1B,-35.121833333333335,-35.535333333333334,4156,1.13603,7.851104508908013,-9.637435879091342,-58.79549981520181,412.9049600000001,0.025383115809096298,Cibicidoides wuellerstorfi,170.00148159565524,Yu and Elderfield (2007),35.0,,417.1828932264,9.939072567791373e-07,1.501355976190169e-06,99.39072567791372,150.1355976190169,0.9030348574944258,0.6083840158654387,,-0.10199412443374435,0.9902397651431838,0.9866494284369316,0.701648866704037,0.7485018946413058,-1.4162812959058897,0.7722872286249991
64,Indian,WIND 3B,-32.64416666666666,-48.494,3731,1.15576,7.850625808403559,-4.417501302440385,-50.42223610438455,412.63872,0.024117240027613923,Cibicidoides wuellerstorfi,170.42361364191063,Yu and Elderfield (2007),35.0,,374.5210237314,9.15551642467545e-07,1.3902404193720736e-06,91.5551642467545,139.02404193720736,0.951750386351396,0.6373128316384397,,-0.049452477781713085,0.9944180572375563,0.9899579125618504,0.701648866704037,0.7485018946413058,-1.1138667854278452,0.7722872286249991
65,Indian,WIND 5B,-31.569,-47.56916666666667,3684,1.25637,7.857583233160478,-2.0196177991832656,-47.63537917297745,412.7492571428572,0.024379644291279694,Cibicidoides wuellerstorfi,174.8611868150187,Yu and Elderfield (2007),35.0,,369.80312286960003,9.063982220371036e-07,1.3770478041342089e-06,90.63982220371035,137.7047804134209,0.9777182065224683,0.654076067439596,,-0.022533782855546355,1.0383414624181686,1.0254161471022458,0.701648866704037,0.7485018946413058,2.065201306559757,0.7722872286249991
66,Indian,WIND 6B,-31.273333333333333,-47.56433333333333,4150,1.06382,7.829897111120262,-13.539633695177343,-62.69535812017676,412.60900571428573,0.024098948825878184,Cibicidoides wuellerstorfi,145.972630277696,Yu and Elderfield (2007),35.0,,416.58060801000005,9.935100859965192e-07,1.5009345560661093e-06,99.35100859965192,150.09345560661095,0.8637192124567442,0.5822911940644578,,-0.1465075485798118,0.7524005383199801,0.8154648343379671,0.701648866704037,0.7485018946413058,-18.630499863604555,0.7722872286249991
67,Indian,WIND 10B,-29.124833333333335,-47.549,2871,1.86463,7.871161256337958,11.25216098257944,-28.60459977178344,412.95606857142855,0.023245186115980317,Cibicidoides wuellerstorfi,197.62789611130097,Yu and Elderfield (2007),35.0,,288.1934760474,7.695855229649862e-07,1.1804397700166785e-06,76.95855229649862,118.04397700166786,1.14621066336108,0.7576784474875894,,0.13646142632122546,1.2636879205024703,1.2283180869405446,0.701648866704037,0.7485018946413058,18.375223983363483,0.7722872286249991
68,Indian,WIND 12B,-25.8465,-47.92283333333334,4196,1.00049,7.811420321231135,-17.616470045285496,-67.16082155823345,412.5353142857143,0.023226080791850998,Cibicidoides wuellerstorfi,151.65149054153008,Yu and Elderfield (2007),35.0,,421.1981280024,1.0029809760547704e-06,1.514442474001354e-06,100.29809760547704,151.44424740013537,0.8243588815155802,0.556531048810419,,-0.1931493080709815,0.8086102886952646,0.8530289453116643,0.701648866704037,0.7485018946413058,-14.562176309411399,0.7722872286249991
69,Indian,WIND 13B,-23.938666666666666,-48.9985,4065,1.14767,7.822954059656085,-13.047359415862914,-61.51218364155412,412.58523428571425,0.023478558538733218,Cibicidoides wuellerstorfi,152.4364111835201,Yu and Elderfield (2007),35.0,,408.04823411100006,9.765822159575526e-07,1.476830005659345e-06,97.65822159575526,147.6830005659345,0.8663977368964292,0.5834850090678418,,-0.14341119537583463,0.8163794873197927,0.858355331104164,0.701648866704037,0.7485018946413058,-13.999860811649086,0.7722872286249991
70,Indian,WIND 22B,-13.614166666666666,-51.18966666666667,3838,1.41037,7.8333212473640135,-6.745114782758975,-53.38853311235769,412.69696,0.02340117122356999,Cibicidoides wuellerstorfi,171.87100883094308,Yu and Elderfield (2007),35.0,,385.26177675720004,9.324145533711066e-07,1.413744152769471e-06,93.24145533711066,141.3744152769471,0.9276597007374854,0.6223607149301266,,-0.07509031523898259,1.008744474597749,1.0013864183428383,0.701648866704037,0.7485018946413058,-0.07695591490204379,0.7722872286249991
71,Indian,WIND 25B,-11.802333333333333,-50.57383333333333,3935,1.23494,7.825341515189273,-10.239791470725748,-57.68853729286056,412.64941714285715,0.0231964151408498,Cibicidoides wuellerstorfi,162.36387699965906,Yu and Elderfield (2007),35.0,,394.998721089,9.516292158816148e-07,1.4413216047966066e-06,95.16292158816148,144.13216047966068,0.8923972562019407,0.5997524972852861,,-0.1138438910565223,0.9146422283381097,0.9286632034443871,0.701648866704037,0.7485018946413058,-6.887845171740139,0.7722872286249991
72,Indian,WIND 28B,-10.1555,-51.77033333333333,4147,1.08295,7.83720206074475,-11.64176172948875,-60.763235972374176,412.57453714285714,0.024345726645996532,Cibicidoides wuellerstorfi,152.9269657633224,Yu and Elderfield (2007),35.0,,416.2794654018,9.92740933655262e-07,1.4998102294715184e-06,99.2740933655262,149.98102294715184,0.8827311201259336,0.5948605044933915,,-0.12473463196856234,0.8212350303680598,0.8617010558217751,0.701648866704037,0.7485018946413058,-13.648428541984543,0.7722872286249991
73,Indian,WIND 33B,-11.211833333333333,-58.77066666666666,3520,1.57981,7.825625711276832,-3.561700237552728,-47.86101029386211,412.7754057142858,0.02223315410566483,Cibicidoides wuellerstorfi,184.3292193833009,Yu and Elderfield (2007),35.0,,353.340660288,8.754661693407201e-07,1.3324487148769991e-06,87.546616934072,133.2448714876999,0.9593165291557193,0.6408041093102765,,-0.04153419687227803,1.1320567014772283,1.1053732474144158,0.701648866704037,0.7485018946413058,8.848079933582753,0.7722872286249991
74,Indian,CD145 A3200,19.9995,-65.584,3190,1.70499,7.8221480931531175,2.0649322139624076,-39.933192788775926,412.8859428571429,0.020736573027090695,Cibicidoides wuellerstorfi,167.3084913725201,Yu and Elderfield (2007),35.0,,320.214973386,8.201722541966139e-07,1.2532575233642173e-06,82.01722541966139,125.32575233642173,1.0251768113758624,0.6813648269066032,,0.02486509661742677,0.9635843622677998,0.9658016793355155,0.701648866704037,0.7485018946413058,-3.3455338302155866,0.7722872286249991
75,Indian,E49-19,-43.52,-90.06,3036,1.50097,7.872803434671148,8.177371264399099,-32.88710278364272,412.9049600000001,0.02365369145511718,Cibicidoides wuellerstorfi,196.8109850484926,Yu and Elderfield (2007),35.0,,304.7563194984,7.970895024229108e-07,1.2204760855242583e-06,79.70895024229108,122.04760855242583,1.102590377110003,0.7305387366970325,,0.09766229968207218,1.255602078487357,1.2203863125313235,0.701648866704037,0.7485018946413058,17.7899906153812,0.7722872286249991
76,Indian,RC14-33,-2.4,-90.0,3810,1.19461,7.850141488529413,-3.9103817496823723,-50.46640572865758,412.62208000000004,0.02395018407149914,Cibicidoides wuellerstorfi,171.21120922348493,Yu and Elderfield (2007),35.0,,382.45111241399997,9.293164676951783e-07,1.4097333563018126e-06,92.93164676951784,140.97333563018125,0.9579219578516605,0.6420145305985572,,-0.04298896795001363,1.002213732598492,0.9961604260074151,0.701648866704037,0.7485018946413058,-0.549634966570963,0.7722872286249991
77,Pacific,131 BX,0.0,-162.7,4441,1.34537,7.784641376997855,-23.01683811322731,-74.23264968754742,412.41408000000007,0.02242174423977381,Cibicidoides wuellerstorfi,130.54937171306207,Yu and Elderfield (2007),35.0,,445.79144100540003,1.0470769622816293e-06,1.5759198857987354e-06,104.70769622816293,157.59198857987354,0.780180073267274,0.5289567042304087,,-0.24823052278012708,0.599740061813339,0.7215826457631755,0.701648866704037,0.7485018946413058,-29.679689874585378,0.7722872286249991
78,Pacific,79 BX,2.79,-156.23,2767,1.66765,7.834095470547391,6.686530146657262,-32.581273358410584,412.06107428571426,0.020512638985219465,Cibicidoides wuellerstorfi,207.26537279979868,Yu and Elderfield (2007),35.0,,277.7538656298,7.550495270160056e-07,1.1597976007297581e-06,75.50495270160056,115.97976007297581,1.088557503943917,0.719077937927186,,0.08485342890885807,1.3590803291444002,1.3258769662384682,0.701648866704037,0.7485018946413058,25.279492021882035,0.7722872286249991
79,Pacific,102BX,-3.6,-161.317,2300,1.92996,7.797156413631479,5.424564558686939,-30.901192088601036,411.90061714285713,0.018070296728723175,Cibicidoides wuellerstorfi,232.9,Yu and Elderfield (2007),35.0,,230.87599962,6.871661802243588e-07,1.0613886838505874e-06,68.71661802243588,106.13886838505873,1.0789410875389098,0.7088607353858785,,0.07598008565557753,1.6128136363474828,1.62476778933981,0.701648866704037,0.7485018946413058,43.64408505575396,0.7722872286249991
80,Pacific,128 BX,0.0,-161.43,3732,1.4677,7.78833172823807,-12.159260575806371,-58.008710176637564,412.25837714285717,0.020728812240577432,Cibicidoides wuellerstorfi,158.42137379486908,Yu and Elderfield (2007),35.0,,374.6214046008,9.130489431698425e-07,1.3861357021817513e-06,91.30489431698425,138.61357021817514,0.8668279431594004,0.5815077117966665,,-0.14291477269209946,0.8756190598325713,0.9000774571861306,0.701648866704037,0.7485018946413058,-9.7122461792233,0.7722872286249991
81,Pacific,88 BX,-0.05,-155.87,1924,2.29914,7.818490051246528,12.912589932075065,-21.151647155598496,411.6426971428572,0.01830775956966369,Cibicidoides wuellerstorfi,199.65162373659848,Yu and Elderfield (2007),35.0,,193.13279272559998,6.363007822436015e-07,9.87071951392338e-07,63.63007822436015,98.7071951392338,1.2029321712688326,0.7857132185170237,,0.18476205241778498,1.2837189160474707,1.2481901634985666,0.701648866704037,0.7485018946413058,19.8250181995907,0.7722872286249991
82,Pacific,89P,0.0,-155.85,1932,2.29679,7.818252457016397,12.809580070640095,-21.2999643892408,411.6450742857143,0.01831384939701382,Cibicidoides wuellerstorfi,200.21807160545944,Yu and Elderfield (2007),35.0,,193.9358396808,6.373256464125343e-07,9.885666982679278e-07,63.732564641253425,98.85666982679278,1.2009895591483633,0.7845369014902023,,0.1831458495949151,1.2893256561026996,1.2538097873545058,0.701648866704037,0.7485018946413058,20.23082026198439,0.7722872286249991
83,Pacific,5.5BC58,-0.013333333333333334,-162.2235,4341,1.33704,7.780945355215522,-22.42426556629077,-72.8708902266418,412.41408000000007,0.02202418677922309,Cibicidoides wuellerstorfi,148.3159636344121,Yu and Elderfield (2007),35.0,,435.7533540654,1.0274592141885779e-06,1.548307708995088e-06,102.74592141885779,154.83077089950882,0.781750309339529,0.529351369864729,,-0.24621988694291636,0.7755950134272369,0.8307606140842009,0.701648866704037,0.7485018946413058,-16.951740773304607,0.7722872286249991
84,Pacific,BC66,-0.0004,-162.7,4440,1.34535,7.784688088536399,-22.995134479591115,-74.20317017277912,412.41408000000007,0.022421462890653637,Cibicidoides wuellerstorfi,137.87434347399432,Yu and Elderfield (2007),35.0,,445.69106013600003,1.0468784886109784e-06,1.5756405939088998e-06,104.68784886109783,157.56405939088998,0.7803457160524755,0.5290603043636143,,-0.24801823178569787,0.672243137264966,0.7647402939594864,0.701648866704037,0.7485018946413058,-24.432095504534686,0.7722872286249991
85,Pacific,1.5BC33,-0.9976666666666667,-157.84866666666667,2015,2.20428,7.802059305005328,9.255913191744973,-25.34413549478019,411.7033142857143,0.01781434076755793,Cibicidoides wuellerstorfi,190.813470977567,Yu and Elderfield (2007),35.0,,202.267451841,6.482692411496487e-07,1.0045958017434203e-06,64.82692411496487,100.45958017434202,1.1427788425582313,0.7477180827274328,,0.13346287751586852,1.1962382707624284,1.1637007755159043,0.701648866704037,0.7485018946413058,13.493384143701988,0.7722872286249991
86,Pacific,1BC7,-2.1791666666666667,-157.00133333333332,1614,2.84944,7.803124613210643,13.87128734111468,-18.380899784216396,411.3051428571428,0.01743019744870545,Cibicidoides wuellerstorfi,196.1876603477007,Yu and Elderfield (2007),35.0,,162.0147232116,5.966638225375708e-07,9.286568866683509e-07,59.666382253757085,92.8656886668351,1.23248078427348,0.8020700643252676,,0.20902903596000924,1.2494323676287549,1.2143686276448602,0.701648866704037,0.7485018946413058,17.34344211016584,0.7722872286249991
87,Pacific,1BC3,-2.2426666666666666,-156.99783333333335,1616,2.84837,7.803003894594378,13.834286391061163,-18.428721710248624,411.3039542857143,0.017429318620536614,Cibicidoides wuellerstorfi,194.95752501041034,Yu and Elderfield (2007),35.0,,162.2154849504,5.969047466315524e-07,9.290100217108845e-07,59.69047466315524,92.90100217108845,1.2317670695220753,0.8016305391807302,,0.20844978028955233,1.2372564032583577,1.2025796122777466,0.701648866704037,0.7485018946413058,16.462175740676955,0.7722872286249991
88,Pacific,1.5BC11,-1.0166666666666666,-157.83333333333334,2016,2.2031,7.802020276559667,9.238870246214447,-25.367148068223273,411.7045028571428,0.01781427210235967,Cibicidoides wuellerstorfi,186.1003230040807,Yu and Elderfield (2007),35.0,,202.36783271040002,6.484024748555356e-07,1.004790922873324e-06,64.84024748555356,100.47909228733239,1.1424866592045761,0.7475380450722746,,0.13320716687303788,1.1495872072103595,1.1210082207002157,0.701648866704037,0.7485018946413058,10.116894844071581,0.7722872286249991
89,Pacific,2BC13,0.008,-158.9128,2301,1.97669,7.792947267027105,4.924193785255682,-31.393806597333608,411.83762285714283,0.01791992873840857,Cibicidoides wuellerstorfi,180.80699969006344,Yu and Elderfield (2007),35.0,,230.97638048940001,6.871179878109286e-07,1.0612617234633618e-06,68.71179878109285,106.12617234633619,1.071664457525607,0.7041841243941046,,0.06921300761244963,1.0971935281421406,1.074924824039796,0.701648866704037,0.7485018946413058,6.324769150202698,0.7722872286249991
90,Pacific,3BC16,0.013833333333333333,-160.45166666666665,2959,1.66253,7.791936535395992,-2.206685454600006,-42.70470609201979,412.0539428571429,0.01913003850077469,Cibicidoides wuellerstorfi,190.33479157957936,Yu and Elderfield (2007),35.0,,297.0269925546,7.84165255183765e-07,1.2016841033980423e-06,78.4165255183765,120.16841033980423,0.9718594334547138,0.6446261877704609,,-0.028544100766900674,1.1915002690824028,1.1592916471636188,0.701648866704037,0.7485018946413058,13.150459229323943,0.7722872286249991
91,Pacific,3BC24,0.007833333333333333,-160.42533333333333,2965,1.66233,7.791877300919373,-2.2767297889671028,-42.81369167491563,412.0539428571429,0.01914083785850682,Cibicidoides wuellerstorfi,183.92145572516313,Yu and Elderfield (2007),35.0,,297.629277771,7.850909794922346e-07,1.2030141029545484e-06,78.50909794922346,120.30141029545484,0.9710004337275713,0.6441131357498875,,-0.02942836400958206,1.1280206286789582,1.101804579003735,0.701648866704037,0.7485018946413058,8.555958906145136,0.7722872286249991
92,Pacific,4BC51,-0.0235,-161.0165,3411,1.53607,7.802468820424494,-5.805016370362736,-49.3714762859877,412.1787428571429,0.02061032356089148,Cibicidoides wuellerstorfi,162.58416868601424,Yu and Elderfield (2007),35.0,,342.3991455234,8.574617492596583e-07,1.3068380019160429e-06,85.74617492596582,130.6838001916043,0.9322999961762161,0.622206606988771,,-0.07010063178094136,0.9168226906359114,0.9302869808072516,0.701648866704037,0.7485018946413058,-6.730028670760305,0.7722872286249991
93,Pacific,6BC74,0.0006666666666666666,-162.73466666666667,4438,1.34237,7.784786278637416,-22.963358814019543,-74.15779211346049,412.41408000000007,0.022419502847769335,Cibicidoides wuellerstorfi,150.96939659759062,Yu and Elderfield (2007),35.0,,445.4902983972,1.0465156786102067e-06,1.5751363158769077e-06,104.65156786102067,157.51363158769075,0.7805731984396513,0.5291976233042696,,-0.24772675938867028,0.8018588758166096,0.8484271783410183,0.701648866704037,0.7485018946413058,-15.050826976865551,0.7722872286249991
94,Pacific,2.5BC37,0.004666666666666667,-159.48383333333334,2445,1.88403,7.798649438279426,4.345114842672231,-32.86116363567652,411.92914285714284,0.018399833106206527,Cibicidoides wuellerstorfi,173.75308253495507,Yu and Elderfield (2007),35.0,,245.431225683,7.074414019496651e-07,1.090799517949394e-06,70.74414019496652,109.07995179493939,1.0614201378474226,0.6987424077941234,,0.059607764142379456,1.0273733698646623,1.0164446545025418,0.701648866704037,0.7485018946413058,1.2713577299190035,0.7722872286249991
95,Pacific,4.5BC53,-0.008833333333333334,-161.38866666666667,3711,1.46889,7.789191371218973,-11.763992489029505,-57.462885875966094,412.25837714285717,0.020718442850983936,Cibicidoides wuellerstorfi,154.75704207519811,Yu and Elderfield (2007),35.0,,372.5134063434,9.093438902085321e-07,1.3808667044027363e-06,90.9343890208532,138.08667044027362,0.8706320830249185,0.5838636293224232,,-0.13853579891772214,0.8393492518630616,0.8742981925546844,0.701648866704037,0.7485018946413058,-12.33736571957445,0.7722872286249991
96,Atlantic,T88 12B,44.1,24.9,3052,2.88629,7.980601935438129,34.297266018632854,-6.31279705929019,415.32608000000005,0.03210259574685752,Cibicidoides mundulus,141.56786211996382,Yu and Elderfield (2007),35.0,,306.3624134088,7.910911985000226e-07,1.2097325118089261e-06,79.10911985000226,120.9732511808926,1.4335437694625277,0.9478165875706639,,0.36014953915909603,1.4448237390965275,1.398622585372709,0.7943886562648657,0.807782319803358,30.005404584461957,0.7876849157436084
97,Atlantic,T88 13B,42.9,25.3,3133,2.77176,7.966946834815115,30.487208616188752,-10.688243842544594,415.2702171428572,0.031204679910793117,Cibicidoides mundulus,138.303991186313,Yu and Elderfield (2007),35.0,,314.4932638302,8.042636411015697e-07,1.2287760328415263e-06,80.42636411015698,122.87760328415261,1.3790698355384008,0.91301715237863,,0.3214092396887204,1.3578705343844302,1.3322473493307196,0.7943886562648657,0.807782319803358,25.90259809296424,0.7876849157436084
98,Atlantic,T88 14B,40.4,25.8,2858,2.96067,7.985297108545343,37.02619649821007,-2.338365436844043,415.35104,0.03185120521527859,Cibicidoides mundulus,145.72291724046593,Yu and Elderfield (2007),35.0,,286.8885247452,7.615637430882367e-07,1.1672736238682104e-06,76.15637430882367,116.72736238682104,1.4861864398646945,0.9799672896823028,,0.396213402668316,1.5555190961825192,1.4879274009229153,0.7943886562648657,0.807782319803358,35.2284625630011,0.7876849157436084
99,Atlantic,T88 15aB,38.9,25.0,2738,2.99981,7.983661282002601,37.69087020049302,-0.9223342772422711,415.3569828571429,0.03135028127873933,Cibicidoides mundulus,143.65826026758307,Yu and Elderfield (2007),35.0,,274.8428204172,7.438502981889197e-07,1.1417604226735712e-06,74.38502981889197,114.17604226735712,1.506699671859518,0.9919218230118494,,0.409921611037545,1.5005143046105287,1.4428607045876864,0.7943886562648657,0.807782319803358,32.63311237812579,0.7876849157436084
100,Atlantic,T88 17B,35.4,29.4,2934,2.90772,7.96884504972899,32.9313802558663,-6.926616725389948,415.3748114285715,0.030825179985157193,Cibicidoides mundulus,156.7517987040933,Yu and Elderfield (2007),35.0,,294.51747081959996,7.731441335751111e-07,1.1839756963355002e-06,77.3144133575111,118.39756963355002,1.425941022194499,0.9414969686723437,,0.35483196222691243,1.8493409436596648,1.7536111185417353,0.7943886562648657,0.807782319803358,49.09217451202582,0.7876849157436084
101,Atlantic,T90 4B,47.2,21.387,3945,2.55605,7.937199480141921,16.165360613362367,-30.61419048107706,414.9802057142857,0.03153383237029091,Cibicidoides mundulus,122.67034184537611,Yu and Elderfield (2007),35.0,,396.002529783,9.410610725615041e-07,1.4237913515277656e-06,94.10610725615041,142.37913515277654,1.1717780182890931,0.7849812021387317,,0.15852226902538843,0.9413724745119874,1.0554622059136742,0.7943886562648657,0.807782319803358,6.250522595588848,0.7876849157436084
102,Atlantic,T90 5B,46.0,23.848,3069,2.87411,7.989247920908519,36.056550903489125,-4.666575697508748,415.31300571428574,0.032775523276569914,Cibicidoides mundulus,138.76968792303924,Yu and Elderfield (2007),35.0,,308.0688881886,7.937635625559602e-07,1.213579090834861e-06,79.37635625559602,121.35790908348609,1.4542479978217335,0.9615469998391415,,0.37448892703057,1.3702772209555252,1.3415216884395227,0.7943886562648657,0.807782319803358,26.487996116767988,0.7876849157436084
103,Atlantic,T90 7B,46.295,23.605,3752,2.64747,7.955365056295535,22.56455736146144,-22.8078999449243,415.11213714285714,0.03222824816200935,Cibicidoides mundulus,144.93307643044164,Yu and Elderfield (2007),35.0,,376.6290219888,9.06418569493895e-07,1.3745271059255763e-06,90.6418569493895,137.45271059255762,1.248941914043757,0.8340672959696493,,0.22229672409223425,1.5344768457258846,1.470523103526913,0.7943886562648657,0.807782319803358,34.235603449239306,0.7876849157436084
104,Atlantic,T90 8B,46.2,23.715,3393,2.79718,7.953569727475462,25.655015929504955,-17.20653807605656,415.21197714285717,0.031142003646934046,Cibicidoides mundulus,134.8050162339624,Yu and Elderfield (2007),35.0,,340.59228987420005,8.452751775828412e-07,1.2873001345884147e-06,84.52751775828412,128.73001345884146,1.303510816475983,0.8663362364864665,,0.26506125238229433,1.2646538933164808,1.2645854565418235,0.7943886562648657,0.807782319803358,21.504257153656766,0.7876849157436084
105,Atlantic,T90 10B,45.355,27.152,2162,3.31248,8.03843507877812,54.37648043414504,19.23832554579161,414.9195885714286,0.03369093064849595,Cibicidoides mundulus,169.2635656759008,Yu and Elderfield (2007),35.0,,217.02343964279999,6.635433428416776e-07,1.0254040556542274e-06,66.35433428416775,102.54040556542274,1.8194864890253197,1.1876170221846567,,0.5985543123900311,2.1826685344025725,2.1128973280911656,0.7943886562648657,0.807782319803358,64.81992839554701,0.7876849157436084
106,Atlantic,T90 11B,45.0,24.66,3208,2.7872,7.96826977103843,29.852860202255258,-11.800285451932083,415.28091428571435,0.03168561641196822,Cibicidoides mundulus,144.49785294192984,Yu and Elderfield (2007),35.0,,322.0218290352,8.158612261032029e-07,1.2453341295535945e-06,81.58612261032029,124.53341295535944,1.3659061032332844,0.9052440210872399,,0.31181802030377836,1.5228820008740542,1.4610200162109896,0.7943886562648657,0.807782319803358,33.68851142562144,0.7876849157436084
107,Atlantic,T90 13B,44.0,20.017,4016,2.57709,7.920851333164139,11.762191572079502,-35.51261003718011,414.99446857142857,0.03074268021966674,Cibicidoides mundulus,127.06026860488844,Yu and Elderfield (2007),35.0,,403.1295715104,9.535872445171499e-07,1.441463819296484e-06,95.35872445171499,144.14638192964838,1.1233467796440093,0.7536350925928041,,0.11631242563402451,1.058325077096678,1.126791072700716,0.7943886562648657,0.807782319803358,11.76882291207238,0.7876849157436084
108,Atlantic,T90 15B,47.6,20.922,4177,2.55332,7.921102555039386,9.992688451328604,-38.46215345979651,414.9172114285715,0.0312645911472631,Cibicidoides mundulus,117.23453280413001,Yu and Elderfield (2007),35.0,,419.2908914838,9.832341746767116e-07,1.4833753313077225e-06,98.32341746767116,148.33753313077224,1.101630808902815,0.7407119247029083,,0.09679163545482114,0.7965563877402464,0.9733647657207322,0.7943886562648657,0.807782319803358,-0.5824904353585794,0.7876849157436084
109,Atlantic,CD113A-SiteA,52.92,16.92,3600,2.51248,7.947205566973908,21.484281218064808,-22.909955077441182,414.9706971428572,0.031013411537823554,Cibicidoides mundulus,124.34480635984477,Yu and Elderfield (2007),35.0,,361.37112984,8.816342305492401e-07,1.3395816449864478e-06,88.16342305492401,133.95816449864475,1.243687012976805,0.828976791648463,,0.21808036537555428,0.9859820986881718,1.0821206014597398,0.7943886562648657,0.807782319803358,8.35538642733971,0.7876849157436084
110,Atlantic,CD113A-SiteB,57.43,15.68,1100,6.00236,8.070582782926534,79.94115813552797,50.82633146380964,417.23492571428574,0.03492324489580708,Cibicidoides mundulus,168.36747167769948,Yu and Elderfield (2007),35.0,,110.41895634000001,5.337625942288133e-07,8.330990711751346e-07,53.376259422881326,83.30990711751345,2.4976912769810693,1.610087482058,,0.9153668159877154,2.15879557911395,2.0848801646889856,0.7943886562648657,0.807782319803358,63.69350509402875,0.7876849157436084
111,Atlantic,BOFS 11K,55.2,20.4,2004,3.42071,8.04105171942397,56.45266729979337,22.22228077378442,415.11926857142856,0.03338843141253994,Cibicidoides mundulus,163.33772007773462,Yu and Elderfield (2007),35.0,,201.1632622776,6.429316737885123e-07,9.953702416043167e-07,64.29316737885124,99.53702416043167,1.878050803861361,1.2232564310739993,,0.6302344325295204,2.0247973207840664,1.9343765926087302,0.7943886562648657,0.807782319803358,57.370921286502295,0.7876849157436084
112,Atlantic,BOFS 14K,58.6,19.4,1756,3.4393,8.045425192492608,58.2947350675287,25.41182893506597,414.72941714285713,0.03286363052417413,Cibicidoides mundulus,158.34770853587622,Yu and Elderfield (2007),35.0,,176.2688066664,6.122359266926003e-07,9.507081696642649e-07,61.22359266926003,95.07081696642649,1.9521612915211706,1.2672936842863143,,0.6689371134303838,1.8918577824458875,1.7958003754537828,0.7943886562648657,0.807782319803358,51.098292201967695,0.7876849157436084
113,Atlantic,BOFS 17K,58.0,16.5,1150,5.49653,8.047075299340415,71.20925680854856,41.77297057623602,416.7392914285714,0.03280510148327245,Cibicidoides mundulus,167.13181516043352,Yu and Elderfield (2007),35.0,,115.43799981,5.397052796660263e-07,8.423907274068174e-07,53.97052796660263,84.23907274068173,2.3194100463981635,1.495885925820056,,0.8413128629953274,2.1258762951459778,2.046854609294181,0.7943886562648657,0.807782319803358,62.1402391459082,0.7876849157436084
114,Atlantic,BOFS 30K,19.75,20.73,3500,2.47978,7.939998936359079,21.091728091818638,-22.637752664461004,414.90413714285717,0.030040961525902805,Cibicidoides mundulus,138.9894840072214,Yu and Elderfield (2007),35.0,,351.3330429,8.651707550550204e-07,1.3162139822646375e-06,86.51707550550204,131.62139822646375,1.243786882168449,0.8280085687472247,,0.2181606630557773,1.3761328366619434,1.3459213214805164,0.7943886562648657,0.807782319803358,26.764287924661147,0.7876849157436084
115,Atlantic,ODP1088,-41.08,-13.34,2082,2.63249,7.895337130222214,23.202356850063765,-11.66799693402288,413.25915428571426,0.0233442377281704,Cibicidoides mundulus,142.041583155367,Yu and Elderfield (2007),35.0,,208.99297009080001,6.555325275227491e-07,1.01464491046399e-06,65.5532527522749,101.464491046399,1.3539466902999497,0.8850041348092192,,0.3030238017060856,1.45744420203921,1.408527348772765,0.7943886562648657,0.807782319803358,30.600889448514835,0.7876849157436084
116,Atlantic,M35010-2,18.933,64.09,2696,3.15165,7.994377314576802,40.90653807957983,2.6027311511840594,415.4413714285715,0.032157522171359455,Cibicidoides mundulus,149.179881478315,Yu and Elderfield (2007),35.0,,270.6268239024,7.370447947757724e-07,1.1317423641216926e-06,73.70447947757724,113.17423641216926,1.5550074889549235,1.0229975587527287,,0.44148036166778265,1.6476165244101288,1.56655856166373,0.7943886562648657,0.807782319803358,39.57399448023838,0.7876849157436084
117,Atlantic,M35004-1,14.41,61.662,2885,3.36001,7.961235831962368,33.63226711836144,-5.7445699562008485,415.41284571428577,0.030542705790546007,Cibicidoides mundulus,141.0842522371084,Yu and Elderfield (2007),35.0,,289.59880821900003,7.633186880659149e-07,1.169158540130029e-06,76.33186880659149,116.9158540130029,1.440605839267192,0.9508657743237974,,0.3650637468226728,1.4319398260988754,1.3885829045426534,0.7943886562648657,0.807782319803358,29.39748907338128,0.7876849157436084
118,Atlantic,GeoB1503-2,2.31,30.648,2298,3.14431,7.9897638284940555,42.64244945357845,6.680765822340149,415.39264000000003,0.03035746835532924,Cibicidoides mundulus,142.02978341970564,Yu and Elderfield (2007),35.0,,230.6752378812,6.820960172621194e-07,1.052487323167469e-06,68.20960172621193,105.2487323167469,1.6251678411016377,1.0634759742495932,,0.4856110972797603,1.4571298437660527,1.4082797850425979,0.7943886562648657,0.807782319803358,30.586056744325987,0.7876849157436084
119,Atlantic,GeoB1504-1,2.288,31.287,2980,2.70222,7.981088936521063,34.46221850636127,-5.765878691754168,415.0752914285714,0.03157662311477823,Cibicidoides mundulus,143.19984730658985,Yu and Elderfield (2007),35.0,,299.134990812,7.812586909589675e-07,1.195938441984683e-06,78.12586909589675,119.5938441984683,1.4411114897686463,0.9517878304657088,,0.36541468374597813,1.4883016660441695,1.433041260383972,0.7943886562648657,0.807782319803358,32.056870329839285,0.7876849157436084
120,Atlantic,GeoB1523-2,3.815,41.622,3291,2.53781,7.967128417181472,27.93497936155019,-14.370937588462638,414.9564342857143,0.03157410019753072,Cibicidoides mundulus,134.04278043388305,Yu and Elderfield (2007),35.0,,330.3534411954,8.307012711998251e-07,1.266958355910664e-06,83.07012711998252,126.69583559106641,1.3362818901336486,0.8865713500256833,,0.2898910484670295,1.2443470714750142,1.2503076388080325,0.7943886562648657,0.807782319803358,20.546098558482356,0.7876849157436084
121,Atlantic,GeoB4406-2,5.09,43.762,3709,2.33521,7.938027641464317,16.3093798833428,-28.92833419718042,414.7959771428571,0.03097226591281471,Cibicidoides mundulus,127.34221186560147,Yu and Elderfield (2007),35.0,,372.31264460460005,9.016639308060433e-07,1.3683751556973987e-06,90.16639308060432,136.83751556973988,1.18088091722559,0.7885935441261577,,0.16626069997686804,1.0658363637144226,1.1315335480009263,0.7943886562648657,0.807782319803358,12.123236019637744,0.7876849157436084
122,Atlantic,GeoB4420-1,16.472,46.463,2763,2.83912,7.9790428913476035,35.82774338075755,-2.996760269548389,415.2547657142857,0.030942880481812582,Cibicidoides mundulus,157.3794227156421,Yu and Elderfield (2007),35.0,,277.3523421522,7.483076228463075e-07,1.148412334092939e-06,74.83076228463075,114.84123340929389,1.47878362169399,0.9739051890981705,,0.39121987261597085,1.8660615555551203,1.770083343296817,0.7943886562648657,0.807782319803358,49.88112110983812,0.7876849157436084
123,Atlantic,GeoB4421-2,16.99,46.01,3176,2.62288,7.954534972223038,26.6291756435226,-14.887291438637646,415.06102857142855,0.030381725878125827,Cibicidoides mundulus,142.8091061260975,Yu and Elderfield (2007),35.0,,318.8096412144,8.119252549992908e-07,1.2399824202495096e-06,81.19252549992908,123.99824202495094,1.3279757031765917,0.8799394959515473,,0.2836557550861127,1.4778918800730088,1.4247241557932129,0.7943886562648657,0.807782319803358,31.565694212765862,0.7876849157436084
124,Atlantic,OMEX 12B,48.9988,13.2087,3656,2.51787,7.963988655775244,24.924392122959716,-19.851664712345723,414.9623771428572,0.03232257379889979,Cibicidoides mundulus,120.74598945583708,Yu and Elderfield (2007),35.0,,366.99245852639996,8.910715316213241e-07,1.3529857197124322e-06,89.1071531621324,135.2985719712432,1.2797125846632003,0.8532751349617713,,0.24663550948604507,0.8901055553637369,1.0256355222480353,0.7943886562648657,0.807782319803358,3.8315404617277125,0.7876849157436084
125,Atlantic,OMEX 14B,48.588,13.3395,4335,2.50499,7.917237266057767,7.19118711528381,-42.46039027468049,414.84470857142855,0.03147420340470718,Cibicidoides mundulus,115.46075644084733,Yu and Elderfield (2007),35.0,,435.151068849,1.0133939522544887e-06,1.5259739722657336e-06,101.33939522544887,152.59739722657335,1.0709614173173783,0.7217489220236423,,0.06855676590295313,0.7493009838454987,0.9479821132300549,0.7943886562648657,0.807782319803358,-2.81219293453222,0.7876849157436084
126,Indian,WIND 3B,-32.64416666666666,-48.494,3731,1.15576,7.850625808403559,-4.417501302440385,-50.42223610438455,412.63872,0.024117240027613923,Cibicidoides mundulus,129.9796806245049,Yu and Elderfield (2007),35.0,,374.5210237314,9.15551642467545e-07,1.3902404193720736e-06,91.5551642467545,139.02404193720736,0.951750386351396,0.6373128316384397,,-0.049452477781713085,1.1361015076422083,1.1768756753043643,0.7943886562648657,0.807782319803358,15.438631807377305,0.7876849157436084
127,Indian,WIND 5B,-31.569,-47.56916666666667,3684,1.25637,7.857583233160478,-2.0196177991832656,-47.63537917297745,412.7492571428572,0.024379644291279694,Cibicidoides mundulus,122.11451323756148,Yu and Elderfield (2007),35.0,,369.80312286960003,9.063982220371036e-07,1.3770478041342089e-06,90.63982220371035,137.7047804134209,0.9777182065224683,0.654076067439596,,-0.022533782855546355,0.9265645731878731,1.0467590958557804,0.7943886562648657,0.807782319803358,5.551825475923266,0.7876849157436084
128,Indian,WIND 33B,-11.211833333333333,-58.77066666666666,3520,1.57981,7.825625711276832,-3.561700237552728,-47.86101029386211,412.7754057142858,0.02223315410566483,Cibicidoides mundulus,150.63,Yu and Elderfield (2007),35.0,,353.340660288,8.754661693407201e-07,1.3324487148769991e-06,87.546616934072,133.2448714876999,0.9593165291557193,0.6408041093102765,,-0.04153419687227803,1.6862493181805123,1.6007672944424545,0.7943886562648657,0.807782319803358,41.39684710068664,0.7876849157436084
129,Canaries,GeoB8611-3,,,490,11.9,,101.8,,,,Cibicidoides mundulus,188.4,Rae et al. (2011),35.64,7.986,49.186626006,4.81323853309759e-07,7.491406313313404e-07,48.13238533097589,74.91406313313404,3.1150001043992717,,,1.1362291857544309,2.692484738863131,2.8098420213080004,0.7943886562648657,0.807782319803358,88.8751341818901,0.7876849157436084
130,Canaries,GeoB8611-3,,,490,11.9,,101.8,,,,Cibicidoides mundulus,191.5,Rae et al. (2011),35.64,7.953,49.186626006,4.81323853309759e-07,7.491406313313404e-07,48.13238533097589,74.91406313313404,3.1150001043992717,,,1.1362291857544309,2.7750722369864063,2.942641864869441,0.7943886562648657,0.807782319803358,92.77194884833781,0.7876849157436084
131,Canaries,GeoB8611-3,,,490,11.9,,101.8,,,,Cibicidoides mundulus,183.2,Rae et al. (2011),35.64,7.995,49.186626006,4.81323853309759e-07,7.491406313313404e-07,48.13238533097589,74.91406313313404,3.1150001043992717,,,1.1362291857544309,2.553950871043442,2.600401505043224,0.7943886562648657,0.807782319803358,82.3385418381713,0.7876849157436084
132,Walvis East,GeoB1206,,,940,3.5,,31.1,,,,Cibicidoides mundulus,159.6,Rae et al. (2011),34.41,7.944,94.35801723600001,5.098665920228803e-07,8.00412916906289e-07,50.98665920228803,80.0412916906289,1.6099634784191623,,,0.4762114945273806,1.925220240169474,1.8296152874278335,0.7943886562648657,0.807782319803358,52.67246889360152,0.7876849157436084
133,Canaries,GeoB8608-4,,,975,8.0,,66.7,,,,Cibicidoides mundulus,170.7,Rae et al. (2011),35.34,7.939,97.871347665,5.246151623494172e-07,8.174178140151892e-07,52.46151623494171,81.74178140151892,2.2714081632961807,,,0.8203999754181365,2.2209367657076537,2.15859631757709,0.7943886562648657,0.807782319803358,66.62557947346272,0.7876849157436084
134,Canaries,GeoB6011-2,,,999,7.9,,66.5,,,,Cibicidoides mundulus,177.5,Rae et al. (2011),35.34,7.978,100.28048853060001,5.271204929838946e-07,8.212041559216778e-07,52.71204929838946,82.12041559216779,2.2615711376266265,,,0.8160597653891322,2.4020964390103225,2.3887140019405666,0.7943886562648657,0.807782319803358,75.1734309998642,0.7876849157436084
135,Canaries,GeoB6011-2,,,999,7.9,,66.5,,,,Cibicidoides mundulus,165.5,Rae et al. (2011),35.34,7.917,100.28048853060001,5.271204929838946e-07,8.212041559216778e-07,52.71204929838946,82.12041559216779,2.2615711376266265,,,0.8160597653891322,2.082402897887966,1.997698472170772,0.7943886562648657,0.807782319803358,60.08898712974397,0.7876849157436084
136,Canaries,GeoB6011-2,,,999,7.9,,66.5,,,,Cibicidoides mundulus,161.0,Rae et al. (2011),35.34,7.941,100.28048853060001,5.271204929838946e-07,8.212041559216778e-07,52.71204929838946,82.12041559216779,2.2615711376266265,,,0.8160597653891322,1.9625178199670819,1.8681730632148064,0.7943886562648657,0.807782319803358,54.43232067844889,0.7876849157436084
137,Canaries,GeoB4228-3,,,1638,5.4,,61.6,,,,Cibicidoides mundulus,165.0,Rae et al. (2011),35.23,8.04,164.42386407720002,5.980380779905168e-07,9.277138508229526e-07,59.80380779905168,92.77138508229525,2.030034746399155,,,0.7080529093599969,2.069082333674534,1.9828742747355215,0.7943886562648657,0.807782319803358,59.46046863515562,0.7876849157436084
138,Canaries,GeoB4228-3,,,1638,5.4,,61.6,,,,Cibicidoides mundulus,166.5,Rae et al. (2011),35.23,8.018,164.42386407720002,5.980380779905168e-07,9.277138508229526e-07,59.80380779905168,92.77138508229525,2.030034746399155,,,0.7080529093599969,2.1090440263148293,2.027680177844027,0.7943886562648657,0.807782319803358,61.34602411892067,0.7876849157436084
139,Canaries,GeoB4216-1,,,2325,3.5,,41.8,,,,Cibicidoides mundulus,155.5,Rae et al. (2011),35.01,8.041,233.385521355,6.84511345348137e-07,1.0554969911171206e-06,68.4511345348137,105.54969911171206,1.610654597386415,,,0.4766406785918018,1.8159916136193353,1.7212135484957416,0.7943886562648657,0.807782319803358,47.51861723797711,0.7876849157436084
140,Walvis East,GeoB1208-1,,,2976,2.4,,24.4,,,,Cibicidoides mundulus,153.6,Rae et al. (2011),34.86,7.972,298.7334673344,7.787216184102426e-07,1.192678608535062e-06,77.87216184102427,119.26786085350619,1.3133340519017889,,,0.27256898177492483,1.7653734696082948,1.673180026140259,0.7943886562648657,0.807782319803358,45.13024695854139,0.7876849157436084
141,Walvis East,GeoB1209-1,,,3357,2.3,,18.6,,,,Cibicidoides mundulus,137.6,Rae et al. (2011),34.86,7.867,336.9785785758,8.390193206992455e-07,1.2791387222245904e-06,83.90193206992454,127.91387222245903,1.2216873859889021,,,0.20023300640846325,1.3391154147784858,1.3183489604437248,0.7943886562648657,0.807782319803358,25.017655131714406,0.7876849157436084
142,Walvis East,GeoB1210-3,,,3752,2.0,,7.6,,,,Cibicidoides mundulus,134.7,Rae et al. (2011),34.83,7.958,376.6290219888,9.06734402171091e-07,1.37606830731014e-06,90.67344021710909,137.606830731014,1.083817267568127,,,0.08048931645341185,1.2618561423405827,1.2626087027112791,0.7943886562648657,0.807782319803358,21.372247863102018,0.7876849157436084
143,Namibia,GeoB12801-1,,,1025,3.2,,27.7,,,,Cibicidoides mundulus,141.6,Rae et al. (2011),34.46,7.89,102.890391135,5.199029422123387e-07,8.154957743454207e-07,51.990294221233874,81.54957743454206,1.5327917530554533,,,0.42709074790647605,1.445679928485938,1.3992923301708065,0.7943886562648657,0.807782319803358,30.04580308842114,0.7876849157436084
144,N Atlantic,BOFS17K,,,1150,5.3,,73.7,,,,Cibicidoides mundulus,171.5,Rae et al. (2011),35.04,8.054,115.43799981,5.407384650912523e-07,8.441505843484627e-07,54.07384650912523,84.41505843484626,2.3629509413125023,,,0.859911236801147,2.242249668449144,2.184474836689496,0.7943886562648657,0.807782319803358,67.6312090648041,0.7876849157436084
145,Walvis East,GeoB1206,,,940,3.5,,31.1,,,,Cibicidoides wuellerstorfi,193.2,Rae et al. (2011),34.41,7.819,94.35801723600001,5.098665920228803e-07,8.00412916906289e-07,50.98665920228803,80.0412916906289,1.6099634784191623,,,0.4762114945273806,1.2198602995467325,1.1859346408318365,0.701648866704037,0.7485018946413058,15.203088518110135,0.7722872286249991
146,Walvis East,GeoB1207-2,,,2598,2.6,,29.5,,,,Cibicidoides wuellerstorfi,217.0,Rae et al. (2011),34.86,7.874,260.7894987012,7.223411540738321e-07,1.1112822573318723e-06,72.23411540738321,111.12822573318722,1.408394286184956,,,0.34245025133579937,1.4554343402484418,1.4322874958896763,0.701648866704037,0.7485018946413058,32.25335848274297,0.7722872286249991
147,Walvis East,GeoB1728-3,,,2883,2.5,,25.6,,,,Cibicidoides wuellerstorfi,207.2,Rae et al. (2011),34.86,7.939,289.39804648020004,7.641921811580891e-07,1.1716651105944018e-06,76.4192181158089,117.16651105944018,1.334994267557209,,,0.28892699787835635,1.358433264665385,1.325189773644203,0.701648866704037,0.7485018946413058,25.232659085541187,0.7722872286249991
148,Walvis East,GeoB1208-1,,,2976,2.4,,24.4,,,,Cibicidoides wuellerstorfi,174.2,Rae et al. (2011),34.86,7.938,298.7334673344,7.787216184102426e-07,1.192678608535062e-06,77.87216184102427,119.26786085350619,1.3133340519017889,,,0.27256898177492483,1.031796989742847,1.020053527781841,0.701648866704037,0.7485018946413058,1.5915284623108192,0.7722872286249991
149,Walvis East,GeoB1209-1,,,3357,2.3,,18.6,,,,Cibicidoides wuellerstorfi,191.2,Rae et al. (2011),34.86,7.861,336.9785785758,8.390193206992455e-07,1.2791387222245904e-06,83.90193206992454,127.91387222245903,1.2216873859889021,,,0.20023300640846325,1.2000641616726393,1.1672733389823917,0.701648866704037,0.7485018946413058,13.770292722762818,0.7722872286249991
150,Walvis East,GeoB1210-3,,,3752,2.0,,7.6,,,,Cibicidoides wuellerstorfi,192.4,Rae et al. (2011),34.83,7.914,376.6290219888,9.06734402171091e-07,1.37606830731014e-06,90.67344021710909,137.606830731014,1.083817267568127,,,0.08048931645341185,1.2119418443970953,1.1784345838688624,0.701648866704037,0.7485018946413058,14.629970199971225,0.7722872286249991
151,Walvis West,GeoB1729-1,,,4401,1.7,,-1.5,,,,Cibicidoides wuellerstorfi,193.6,Rae et al. (2011),34.79,7.881,441.7762062294,1.0277651805780829e-06,1.547782784885998e-06,102.77651805780829,154.7782784885998,0.9854052265211368,,,-0.014702324927402975,1.2238195271215513,1.1897025504487488,0.701648866704037,0.7485018946413058,15.489647677179576,0.7722872286249991
152,Namibia,GeoB12801-1,,,1025,3.2,,27.7,,,,Cibicidoides wuellerstorfi,164.2,Rae et al. (2011),34.46,7.833,102.890391135,5.199029422123387e-07,8.154957743454207e-07,51.990294221233874,81.54957743454206,1.5327917530554533,,,0.42709074790647605,0.9328163003723811,0.9422844378020985,0.701648866704037,0.7485018946413058,-5.572450514425668,0.7722872286249991
153,Namibia,GeoB12811-2,,,2981,2.4,,23.8,,,,Cibicidoides wuellerstorfi,175.0,Rae et al. (2011),34.86,7.959,299.2353716814,7.794789963856927e-07,1.1937653700328141e-06,77.94789963856927,119.3765370032814,1.3053321527630175,,,0.26645753157917645,1.0397154448924844,1.0265455806020576,0.701648866704037,0.7485018946413058,2.1646467804497433,0.7722872286249991
154,Namibia,GeoB12808-4,,,3796,2.0,,5.5,,,,Cibicidoides wuellerstorfi,181.3,Rae et al. (2011),34.82,7.893,381.0457802424,9.140979085855249e-07,1.38651624714719e-06,91.40979085855248,138.651624714719,1.0601686093835474,,,0.058427960930584284,1.102073279195878,1.0791356303064443,0.701648866704037,0.7485018946413058,6.677953535793719,0.7722872286249991
155,N Atlantic,BOFS11K,,,2004,3.7,,54.3,,,,Cibicidoides wuellerstorfi,238.7,Rae et al. (2011),34.92,8.03,201.1632622776,6.402829217564251e-07,9.91124019239128e-07,64.0282921756425,99.1124019239128,1.8480626009990109,,,0.6141378476452123,1.6702224361823528,1.7012457291087806,0.701648866704037,0.7485018946413058,47.79919286226111,0.7722872286249991
156,Southern,NBP98-02-sta7-MC2,-60.28,-170.02,3995,,,-15.70259823,,,,Nuttallides umbonifera,109.0,Brown et al. (2011)/Dai et al. (2023),,,,,,,,0.83,,77.773316,-0.18632957819149348,0.889799876561156,0.8808558069587065,0.6316799729853446,0.6485059508357582,-10.992538799116971,0.6361556609295419
157,Southern,NBP98-02-sta8-MC1,-58.69,-169.98,4324,,,-20.75864377,,,,Nuttallides umbonifera,76.0,Brown et al. (2011)/Dai et al. (2023),,,,,,,,0.79,,78.710981,-0.23572233352106983,0.7206056843826032,0.7395847889311209,0.6316799729853446,0.6485059508357582,-26.834247699191366,0.6361556609295419
158,Pacific,TT013_113,4.04,-139.85,4431,,,-22.46887346,,,,Nuttallides umbonifera,108.0,Brown et al. (2011)/Dai et al. (2023),,,,,,,,0.78,,78.471726,-0.2484613592984996,0.8846727798284726,0.8762021431019574,0.6316799729853446,0.6485059508357582,-11.472590583967715,0.6361556609295419
159,Pacific,TT013_63,-0.87,-139.83,4276,,,-18.71012752,,,,Nuttallides umbonifera,111.0,Brown et al. (2011)/Dai et al. (2023),,,,,,,,0.81,,79.302044,-0.21072103131565253,0.9000540700265228,0.8902374152298769,0.6316799729853446,0.6485059508357582,-10.032435229415498,0.6361556609295419
160,Pacific,TT013_19,-1.87,-139.72,4376,,,-19.53384378,,,,Nuttallides umbonifera,100.0,Brown et al. (2011)/Dai et al. (2023),,,,,,,,0.8,,80.35776,-0.2231435513142097,0.8436560059670053,0.8398470980459577,0.6316799729853446,0.6485059508357582,-15.313004862773624,0.6361556609295419
161,Pacific,K7905-21BC,1.05,-138.95,4442,,,-21.62169288,,,,Nuttallides umbonifera,89.0,Brown et al. (2011)/Dai et al. (2023),,,,,,,,0.79,,79.526711,-0.23572233352106983,0.7872579419074877,0.7923090358026379,0.6316799729853446,0.6485059508357582,-20.593574496131758,0.6361556609295419
162,Pacific,PLDS-107,6.16,-138.28,3694,,,-9.922257241,,,,Nuttallides umbonifera,90.0,Brown et al. (2011)/Dai et al. (2023),,,,,,,,0.89,,77.759652,-0.11653381625595151,0.7923850386401711,0.7965171285952863,0.6316799729853446,0.6485059508357582,-20.113522711281014,0.6361556609295419
163,Pacific,138-851B,2.77,-110.57,3760,,,-12.13913068,,,,Nuttallides umbonifera,129.0,Brown et al. (2011)/Dai et al. (2023),,,,,,,,0.86,,76.6397,-0.15082288973458366,0.9923418112148243,0.9792983767588263,0.6316799729853446,0.6485059508357582,-1.3915031021021917,0.6361556609295419
164,Pacific,VNTR01-6GC,2.76,-110.55,3765,,,-12.19832308,,,,Nuttallides umbonifera,115.0,Brown et al. (2011)/Dai et al. (2023),,,,,,,,0.86,,76.665603,-0.15082288973458366,0.9205624569572565,0.9093014541358,0.6316799729853446,0.6485059508357582,-8.112228090012536,0.6361556609295419
165,Pacific,VNTR01-8PC,0.04,-110.48,3791,,,-12.66812979,,,,Nuttallides umbonifera,95.0,Brown et al. (2011)/Dai et al. (2023),,,,,,,,0.86,,76.646566,-0.15082288973458366,0.8180205223035881,0.817895224949168,0.6316799729853446,0.6485059508357582,-17.713263787027323,0.6361556609295419
166,Pacific,PLDS-70-1,1.06,-107.22,4849,,,-28.98047051,,,,Nuttallides umbonifera,98.0,Brown et al. (2011)/Dai et al. (2023),,,,,,,,0.73,,80.030193,-0.31471074483970024,0.8334018125016385,0.8309965191478422,0.6316799729853446,0.6485059508357582,-16.273108432475105,0.6361556609295419
167,Atlantic,KN178-MC-1-D,36.12,-72.29,3979,,,11.95905946,,,,Nuttallides umbonifera,179.0,Brown et al. (2011)/Dai et al. (2023),,,,,,,,1.13,,103.881319,0.12221763272424911,1.2486966478489951,1.2762641404498543,0.6316799729853446,0.6485059508357582,22.61108614043477,0.6361556609295419
168,Atlantic,KN178-MC-4-B,36.12,-72.28,3865,,,14.00445564,,,,Nuttallides umbonifera,160.0,Brown et al. (2011)/Dai et al. (2023),,,,,,,,1.16,,103.948473,0.14842000511827322,1.1512818099280104,1.1540665798527279,0.6316799729853446,0.6485059508357582,13.490102228270722,0.6361556609295419
169,Atlantic,INMD-042BX,28.57,-46.36,3774,,,16.44942084,,,,Nuttallides umbonifera,136.0,Brown et al. (2011)/Dai et al. (2023),,,,,,,,1.19,,104.799952,0.17395330712343798,1.0282314883436081,1.0162922392167792,0.6316799729853446,0.6485059508357582,1.9688593918529804,0.6361556609295419
170,Atlantic,154-928B,5.46,-43.75,4024,,,9.168638082,,,,Nuttallides umbonifera,126.0,Brown et al. (2011)/Dai et al. (2023),,,,,,,,1.1,,101.958825,0.09531017980432493,0.9769605210167741,0.9638589906163209,0.6316799729853446,0.6485059508357582,-2.8316584566544094,0.6361556609295419
171,Atlantic,154-928B,5.46,-43.75,4024,,,9.168638082,,,,Nuttallides umbonifera,145.0,Brown et al. (2011)/Dai et al. (2023),,,,,,,,1.1,,101.958825,0.09531017980432493,1.074375358937759,1.0659165490528135,0.6316799729853446,0.6485059508357582,6.289325455509633,0.6361556609295419
172,Atlantic,KNR110-45,4.78,-43.48,3669,,,16.52090508,,,,Nuttallides umbonifera,148.0,Brown et al. (2011)/Dai et al. (2023),,,,,,,,1.19,,103.152264,0.17395330712343798,1.0897566491358093,1.0829907241725476,0.6316799729853446,0.6485059508357582,7.729480810061851,0.6361556609295419
173,Atlantic,KN110-58,4.48,-43.23,4300,,,-1.700672819,,,,Nuttallides umbonifera,134.0,Brown et al. (2011)/Dai et al. (2023),,,,,,,,0.98,,96.432029,-0.020202707317519466,1.0179772948782415,1.0055822246585837,0.6316799729853446,0.6485059508357582,1.0087558221515067,0.6361556609295419
174,Atlantic,KNR110-94,4.88,-43.08,4107,,,6.608565223,,,,Nuttallides umbonifera,140.0,Brown et al. (2011)/Dai et al. (2023),,,,,,,,1.07,,100.945103,0.06765864847381486,1.048739875274342,1.0380556861993053,0.6316799729853446,0.6485059508357582,3.889066531255942,0.6361556609295419
175,Atlantic,KNR110-53,4.92,-43.05,4300,,,-1.030577008,,,,Nuttallides umbonifera,157.0,Brown et al. (2011)/Dai et al. (2023),,,,,,,,0.99,,97.058107,-0.01005033585350145,1.1359005197299599,1.1358718396352683,0.6316799729853446,0.6485059508357582,12.049946873718504,0.6361556609295419
176,Atlantic,KNR110-57,5.03,-42.73,4566,,,-10.31542848,,,,Nuttallides umbonifera,131.0,Brown et al. (2011)/Dai et al. (2023),,,,,,,,0.9,,92.958476,-0.10536051565782628,1.0025960046801912,0.9897284535986047,0.6316799729853446,0.6485059508357582,-0.43139953240071094,0.6361556609295419
177,Atlantic,INMD-056BX,32.46,-34.07,3812,,,16.16613138,,,,Nuttallides umbonifera,137.0,Brown et al. (2011)/Dai et al. (2023),,,,,,,,1.18,,105.103064,0.16551443847757333,1.0333585850762916,1.0216899462399491,0.6316799729853446,0.6485059508357582,2.4489111767037244,0.6361556609295419
178,Atlantic,INMD-104BX,4.25,-21.92,3279,,,24.19801097,,,,Nuttallides umbonifera,151.0,Brown et al. (2011)/Dai et al. (2023),,,,,,,,1.3,,104.499017,0.26236426446749106,1.1051379393338596,1.100338398616669,0.6316799729853446,0.6485059508357582,9.169636164614069,0.6361556609295419
179,Atlantic,INMD-106BX,2.73,-20.94,4702,,,-12.94223897,,,,Nuttallides umbonifera,126.0,Brown et al. (2011)/Dai et al. (2023),,,,,,,,0.88,,92.732923,-0.12783337150988489,0.9769605210167741,0.9638589906163209,0.6316799729853446,0.6485059508357582,-2.8316584566544094,0.6361556609295419
180,Atlantic,INMD-073BX,34.97,-17.36,4052,,,10.30352982,,,,Nuttallides umbonifera,138.0,Brown et al. (2011)/Dai et al. (2023),,,,,,,,1.11,,103.325144,0.10436001532424286,1.0384856818089752,1.0271163214355044,0.6316799729853446,0.6485059508357582,2.9289629615544683,0.6361556609295419
181,Pacific,ERDC-135BX,0.88,160.99,3509,,,-10.03990012,,,,Nuttallides umbonifera,101.0,Brown et al. (2011)/Dai et al. (2023),,,,,,,,0.88,,74.510937,-0.12783337150988489,0.8487831026996887,0.844307673857306,0.6316799729853446,0.6485059508357582,-14.832953077922888,0.6361556609295419
