age_Ma,Atlantic,Pacific,Southern
0,0.335496928,-0.15302264,-0.801344229
0.1,0.33566265,-0.169040525,-0.795374553
0.2,0.336096622,-0.181923376,-0.815360135
0.3,0.334309821,-0.200470855,-0.832336182
0.4,0.334746755,-0.222064888,-0.837448961
0.5,0.334614989,-0.245715209,-0.837969607
0.6,0.330168403,-0.273104738,-0.834400617
0.7,0.326851806,-0.304783756,-0.831871253
0.8,0.323397405,-0.338312922,-0.835385465
0.9,0.325581681,-0.369517245,-0.834925327
1,0.331170392,-0.397777502,-0.825445346
1.1,0.339561508,-0.430347849,-0.813142663
1.2,0.351115974,-0.438856488,-0.794726319
1.3,0.360089122,-0.447235568,-0.776783611
1.4,0.371821278,-0.457647842,-0.752632948
1.5,0.378853685,-0.467672682,-0.726107531
1.6,0.380943225,-0.476453679,-0.694859548
1.7,0.379386742,-0.48389544,-0.629085961
1.8,0.372228783,-0.492216655,-0.596741632
1.9,0.365954873,-0.492703451,-0.538626877
2,0.351851307,-0.492585111,-0.48384591
2.1,0.32872173,-0.493339405,-0.436570461
2.2,0.304480271,-0.489772146,-0.384930431
2.3,0.28859988,-0.478931007,-0.324025905
2.4,0.26778078,-0.466270881,-0.266180026
2.5,0.250386373,-0.451921772,-0.208551053
2.6,0.251308861,-0.433456082,-0.146672715
2.7,0.260794281,-0.412460259,-0.095324096
2.8,0.271373333,-0.38780761,-0.043541435
2.9,0.280785736,-0.365561067,0.002006617
3,0.290300276,-0.340011866,0.035987233
3.1,0.30416605,-0.316698666,0.062135109
3.2,0.317790885,-0.296411555,0.080392509
3.3,0.328019156,-0.27741008,0.093628384
3.4,0.340269171,-0.256572285,0.098969061
3.5,0.360726374,-0.240373885,0.098940778
3.6,0.357939386,-0.236036333,0.092186541
3.7,0.362614765,-0.231916744,0.080046667
3.8,0.37363706,-0.241138046,0.060089785
3.9,0.380921622,-0.253083272,0.038433325
4,0.386117888,-0.277620793,0.023537978
4.1,0.395949441,-0.31368814,0.011678943
4.2,0.407702088,-0.352455105,0.003595224
4.3,0.410421824,-0.390165009,-0.001840411
4.4,0.397755471,-0.415181289,-0.004513296
4.5,0.370693798,-0.42876205,-0.006699555
4.6,0.361192115,-0.408706452,-0.008053886
4.7,0.348484101,-0.375290258,-0.006042304
4.8,0.335127415,-0.364647012,-0.00348087
4.9,0.321425589,-0.346873379,-0.002929448
5,0.304281639,-0.345685032,-0.001436127
5.1,0.297187143,-0.356364856,0.003525772
5.2,0.283730847,-0.371828929,0.006046667
5.3,0.275029353,-0.392154422,0.008164479
5.4,0.267989453,-0.418044563,0.032636304
5.5,0.273460993,-0.447808671,0.04940404
5.6,0.319177382,-0.471539257,0.071239895
5.7,0.297838586,-0.491259215,0.100891222
5.8,0.295215261,-0.504504181,0.126860581
5.9,0.282511173,-0.514935909,0.150130119
6,0.284859961,-0.529360782,0.179858118
6.1,0.287320057,-0.529778436,0.204404
6.2,0.278650989,-0.52509712,0.238268228
6.3,0.291117166,-0.506810803,0.26744859
6.4,0.294970332,-0.49354022,0.298945897
6.5,0.267442936,-0.474157538,0.337941053
6.6,0.233114054,-0.447403534,0.386444198
6.7,0.264597974,-0.412432181,0.444181566
6.8,0.299888369,-0.366483631,0.511794198
6.9,0.362466083,-0.311824902,0.581450886
7,0.418812505,-0.249665111,0.654252195
7.1,0.474127528,-0.19626218,0.724563293
7.2,0.501071115,-0.146363811,0.787611026
7.3,0.533044714,-0.100591527,0.842690959
7.4,0.603193959,-0.052453924,0.884863973
7.5,0.628299428,-0.000921491,0.916018571
7.6,0.71467628,0.044584744,0.935641765
7.7,0.758986124,0.086129226,0.942493231
7.8,0.787966501,0.121508057,0.944116111
7.9,0.847992345,0.148759444,0.948525185
8,0.840682982,0.16701,0.872467241
8.1,0.842775067,0.178509786,0.891749011
8.2,0.856602254,0.18540997,0.877546
8.3,0.853707415,0.143735391,0.875245581
8.4,0.853293569,0.143499013,0.873331333
8.5,0.851317559,0.148426139,0.88173
8.6,0.844539215,0.153206645,0.874053085
8.7,0.835046459,0.160839529,0.8651594
8.8,0.863443475,0.168957978,0.866165
8.9,0.860773777,0.177698975,0.868202115
9,0.870974491,0.180915931,0.859667383
9.1,0.841422887,0.175683076,0.846772727
9.2,0.835535969,0.15806888,0.823741026
9.3,0.831810463,0.128064923,0.794335207
9.4,0.831105421,0.118672419,0.756166202
9.5,0.829917435,0.117285109,0.752821852
9.6,0.829594254,0.107068226,0.725350511
9.7,0.833330322,0.112566096,0.712672302
9.8,0.837537723,0.121987405,0.698074815
9.9,0.834339013,0.132912486,0.69395672
10,0.835201736,0.144712809,0.695287863
10.1,0.856071268,0.155441739,0.701400796
10.2,0.845833397,0.160186519,0.709542195
10.3,0.858790457,0.163757785,0.719632171
10.4,0.878682348,0.163195748,0.727861852
10.5,0.878691846,0.161051344,0.735227234
10.6,0.869482925,0.160761885,0.73690745
10.7,0.871094538,0.163519077,0.742508243
10.8,0.872210462,0.168928643,0.752497987
10.9,0.880078981,0.179029775,0.755661871
11,0.869780391,0.19457123,0.760415188
11.1,0.85826932,0.216000984,0.77109811
11.2,0.839045,0.265125224,0.771732798
11.3,0.816082096,0.311004477,0.773763588
11.4,0.796142464,0.352610555,0.774373234
11.5,0.771135998,0.394922221,0.778356037
11.6,0.760902649,0.432208141,0.777419375
11.7,0.754790332,0.46342875,0.796959745
11.8,0.741836676,0.477965681,0.807808938
11.9,0.729020167,0.489699004,0.824836989
12,0.729402311,0.499305148,0.82908648
12.1,0.730637757,0.51005443,0.846507692
12.2,0.733239496,0.514553852,0.834261837
12.3,0.744490976,0.522345079,0.826057059
12.4,0.752836733,0.537237865,0.833113385
12.5,0.763740958,0.559106882,0.818189646
12.6,0.7663973,0.582393696,0.817395468
12.7,0.790326647,0.614650053,0.800577387
12.8,0.798598686,0.654761053,0.793652949
12.9,0.799647112,0.692195039,0.805392689
13,0.81526016,0.73486481,0.825654959
13.1,0.8353909,0.783274675,0.858315447
13.2,0.864154395,0.830855633,0.902135462
13.3,0.890040288,0.876454935,0.949390234
13.4,0.923860662,0.91598332,0.996010379
13.5,0.966881662,0.949673673,1.034078123
13.6,1.00483673,0.974665245,1.071339066
13.7,1.039391271,0.991398052,1.099726316
13.8,1.060939876,1.003152324,1.118678914
13.9,1.078560962,1.008686955,1.138547036
14,1.094752853,1.008859251,1.151400302
14.1,1.100474922,1.004086037,1.155881939
14.2,1.093464804,1.001735822,1.164105
14.3,1.09990492,0.994536395,1.165141524
14.4,1.082640616,0.992184043,1.168592834
14.5,1.056118205,0.996301166,1.16790508
14.6,1.039547389,1.004064638,1.167755756
14.7,1.032698819,1.012818417,1.164643688
14.8,1.023487798,1.025515831,1.162136385
14.9,1.030697126,1.042445,1.163138042
15,1.030836327,1.059275908,1.166226747
15.1,1.032378297,1.069758456,1.169822256
15.2,1.038190672,1.077605343,1.178425258
15.3,1.039184417,1.084549596,1.187787025
15.4,1.042693821,1.094460014,1.19464792
15.5,1.095712695,1.100398788,1.193882538
15.6,1.109068346,1.102418352,1.194527046
15.7,1.11547876,1.103012451,1.196757647
15.8,1.125758228,1.102238248,1.194659451
15.9,1.131817244,1.096386433,1.18079297
16,1.134151961,1.087085199,1.165116528
16.1,1.137646922,1.077474771,1.150916802
16.2,1.133398507,1.056023358,1.130929944
16.3,1.126944345,1.036715484,1.11267554
16.4,1.121108597,1.015389113,1.08888449
16.5,1.11419457,0.986988603,1.056945028
16.6,1.100834811,0.93775778,1.020581043
16.7,1.088300297,0.896398127,0.992035528
16.8,1.056598396,0.851197942,0.96688385
16.9,1.040993672,0.798650638,0.944555426
17,1.021731705,0.726556904,0.922880979
17.1,0.996248647,0.669424703,0.900621667
17.2,0.965229466,0.609216096,0.875399423
17.3,0.932211897,0.549804556,0.85113781
17.4,0.894568083,0.48397594,0.827765585
17.5,0.838830194,0.469421488,0.810075421
17.6,0.801054604,0.434021011,0.783779535
17.7,0.75471034,0.401458104,0.75592107
17.8,0.715323742,0.373134075,0.720948717
17.9,0.674407217,0.353632729,0.690290751
18,0.647881452,0.356061188,0.640106163
18.1,0.632629946,0.340460445,0.592291279
18.2,0.602384259,0.351308601,0.546272037
18.3,0.594050524,0.356610475,0.513592317
18.4,0.588401504,0.392365275,0.486280698
18.5,0.591410493,0.400142838,0.484359359
18.6,0.593924179,0.422173211,0.508004147
18.7,0.604147466,0.448805379,0.551291109
18.8,0.614385788,0.474986098,0.561170068
18.9,0.617630733,0.504204199,0.575601258
19,0.622415683,0.524376024,0.571548684
19.1,0.6138625,0.535383677,0.586124622
19.2,0.615756545,0.534465681,0.590516398
19.3,0.612823461,0.534180537,0.599283248
19.4,0.6161138,0.53250514,0.595130473
19.5,0.607096711,0.518897674,0.58767954
19.6,0.615020122,0.510906797,0.585457115
19.7,0.621576488,0.499386827,0.574360361
19.8,0.624657962,0.493197677,0.567496306
19.9,0.639624777,0.489002319,0.55978854
20,0.64553944,0.48721337,0.557968589
20.1,0.640784598,0.484022895,0.546020466
20.2,0.644398748,0.484558591,0.540292696
20.3,0.649678656,0.492788266,0.527132193
20.4,0.648798094,0.508421801,0.517815126
20.5,0.658069625,0.521549328,0.507966676
20.6,0.659922659,0.529578552,0.503339304
20.7,0.668138468,0.533512029,0.492962394
20.8,0.672564826,0.540521497,0.484797391
20.9,0.677905897,0.545132007,0.47918197
21,0.684561978,0.544073429,0.476878142
21.1,0.690808238,0.576016083,0.475713158
21.2,0.696904443,0.583081901,0.477367163
21.3,0.702581462,0.593703694,0.487267915
21.4,0.713724212,0.576846095,0.50806414
21.5,0.73557587,0.583618418,0.561172437
21.6,0.761644045,0.590351459,0.575307216
21.7,0.796333891,0.594939895,0.5969414
21.8,0.83645436,0.590652535,0.611763743
21.9,0.871499772,0.581884206,0.624171091
22,0.912154662,0.560771878,0.63246744
22.1,0.931518011,0.553485509,0.640046461
22.2,0.952722981,0.550383179,0.641159455
22.3,0.956561822,0.558706007,0.64501624
22.4,0.958226244,0.566401655,0.641419866
22.5,0.958598353,0.599181546,0.665875635
22.6,0.956265582,0.630682375,0.675086667
22.7,0.947470879,0.781426962,0.694704007
22.8,0.924356684,0.781545242,0.718661017
22.9,0.895416032,0.778807351,0.725763506
23,0.86791002,0.73896788,0.725008513
23.1,0.839913171,0.680110243,0.73515709
23.2,0.802780394,0.623018522,0.727673725
23.3,0.76909047,0.589542532,0.717964729
23.4,0.725559329,0.477998329,0.701946262
23.5,0.680119541,0.412847063,0.687918643
23.6,0.641144795,0.356583444,0.657461384
23.7,0.612060834,0.316434271,0.636077846
23.8,0.582052184,0.286966025,0.613701014
23.9,0.56312426,0.258265103,0.591414442
24,0.54507853,0.247248065,0.568792037
24.1,0.534474926,0.240626884,0.552314617
24.2,0.513917993,0.236977926,0.53542262
24.3,0.497016691,0.224789043,0.525359372
24.4,0.476885187,0.230900964,0.522030697
24.5,0.457485043,0.235788267,0.519638007
24.6,0.422289493,0.273466883,0.527341493
24.7,0.391856441,0.25908,0.541552439
24.8,0.354817804,0.27772925,0.550801681
24.9,0.350773845,0.289568998,0.552006275
25,0.348046801,0.305364849,0.548391437
25.1,0.326058216,0.319514386,0.547974966
25.2,0.318738107,0.320888849,0.547113676
25.3,0.316404387,0.299449195,0.548203358
25.4,0.314295943,0.292719497,0.541888561
25.5,0.319549021,0.287988444,0.527793586
25.6,0.34578607,0.294059914,0.516089869
25.7,0.36109204,0.305616473,0.504237722
25.8,0.364661537,0.294857058,0.497584134
25.9,0.365098517,0.298563278,0.483137966
26,0.368051674,0.301173678,0.492561043
26.1,0.342457682,0.314543967,0.487550588
26.2,0.341964302,0.323500495,0.483408828
26.3,0.331942811,0.348300341,0.469092482
26.4,0.324255597,0.358999031,0.473034672
26.5,0.316522859,0.371661226,0.468278603
26.6,0.311222472,0.380265719,0.452927099
26.7,0.30468152,0.373341762,0.443984762
26.8,0.31010252,0.361140156,0.431553814
26.9,0.310134137,0.3437631,0.434576842
27,0.314908433,0.326054344,0.424454211
27.1,0.319226787,0.300444803,0.409874083
27.2,0.341329927,0.274405198,0.404690254
27.3,0.339890013,0.251571651,0.368577217
27.4,0.341377305,0.232172926,0.342074018
27.5,0.332357064,0.216001773,0.307851442
27.6,0.31220647,0.202396998,0.297493608
27.7,0.28183828,0.188489184,0.289600761
27.8,0.253861056,0.176192059,0.310620132
27.9,0.239020896,0.164901215,0.318544615
28,0.211584184,0.154420952,0.309855833
28.1,0.18081639,0.143798488,0.305021461
28.2,0.16956557,0.133823051,0.298787528
28.3,0.162838229,0.121806716,0.300388696
28.4,0.150810127,0.112299347,0.292153936
28.5,0.153524494,0.100568583,0.29319913
28.6,0.141029641,0.087206667,0.273231538
28.7,0.152894175,0.078485717,0.251247222
28.8,0.152166345,0.06706153,0.236044368
28.9,0.178638564,0.058270676,0.201252771
29,0.19926019,0.051786348,0.161426538
29.1,0.217072573,0.039225491,0.128060833
29.2,0.242835181,0.032135362,0.086217647
29.3,0.266707698,0.027511971,0.042165139
29.4,0.304040014,0.026049592,0.012477808
29.5,0.337213122,0.03170716,-0.001379091
29.6,0.377855598,0.04563993,-0.003813375
29.7,0.393983899,0.057122075,-0.000356163
29.8,0.413757357,0.071959404,0.007364468
29.9,0.422889871,0.09314506,0.036506667
30,0.437292783,0.10979369,0.088064103
30.1,0.434175343,0.133425883,0.13342626
30.2,0.417127526,0.149348937,0.195877319
30.3,0.390335547,0.166406705,0.252393077
30.4,0.36002566,0.182871441,0.297029865
30.5,0.353724925,0.187757219,0.323625157
30.6,0.384674642,0.212337165,0.355509281
30.7,0.419971138,0.228386952,0.355422273
30.8,0.433673463,0.23789576,0.369072941
30.9,0.467611873,0.243685188,0.372302383
31,0.495642615,0.2764526,0.38256181
31.1,0.519838786,0.292458057,0.391257674
31.2,0.518429124,0.313837399,0.404709193
31.3,0.514658513,0.318424135,0.418376964
31.4,0.50813995,0.32588474,0.428008155
31.5,0.505258425,0.32150287,0.443045316
31.6,0.515639023,0.332844933,0.460902697
31.7,0.517693878,0.355047533,0.477267635
31.8,0.524043845,0.366572737,0.490346255
31.9,0.532443113,0.363778811,0.503153755
32,0.552685019,0.40095268,0.511683032
32.1,0.565965423,0.409721834,0.523930237
32.2,0.588884356,0.432690406,0.53481662
32.3,0.620869,0.449025987,0.550249045
32.4,0.658736782,0.463733034,0.569059389
32.5,0.682400392,0.484548047,0.609808826
32.6,0.723706784,0.495955261,0.650213142
32.7,0.726036415,0.519734695,0.702734964
32.8,0.740335363,0.542809774,0.762092596
32.9,0.750001196,0.570874928,0.790577952
33,0.761734512,0.605295546,0.815819831
33.1,0.764706946,0.644543154,0.835795148
33.2,0.7297025,0.683388776,0.844786592
33.3,0.715246212,0.717777939,0.842516201
33.4,0.689677132,0.742874872,0.81879961
33.5,0.667751468,0.769003976,0.786950206
33.6,0.64533798,0.77770067,0.755690288
33.7,0.612422778,0.777167182,0.722606193
33.8,0.597239569,0.766672381,0.689604528
33.9,0.595002876,0.74913049,0.668063134
34,0.612437208,0.714305901,0.659468966
34.1,0.636283559,0.680806336,0.647582461
34.2,0.635279293,0.636216225,0.635045608
34.3,0.631979431,0.602224678,0.629951491
34.4,0.636643908,0.573651205,0.633260338
34.5,0.632969445,0.547538261,0.642197619
34.6,0.647010297,0.526995342,0.648996361
34.7,0.668639362,0.522021,0.661007886
34.8,0.696546746,0.505872679,0.674023357
34.9,0.718999264,0.494315556,0.691579816
35,0.760360218,0.516626774,0.699093793
35.1,0.808374533,0.51153,0.703950119
35.2,0.837431725,0.509854375,0.691683237
35.3,0.857209338,0.505684333,0.675962756
35.4,0.874245626,0.515379677,0.655232028
35.5,0.89343414,0.53215931,0.64416025
35.6,0.913523992,0.544529583,0.633441925
35.7,0.93234327,0.533286957,0.617305955
35.8,0.936250939,0.548620952,0.615951212
35.9,0.942671655,0.55840381,0.614989205
36,0.942109971,0.565777368,0.608613824
36.1,0.931334098,0.562964762,0.600878293
36.2,0.924233764,0.559214211,0.592082281
36.3,0.909190251,0.558912105,0.588546111
36.4,0.889973835,0.556943333,0.584680686
36.5,0.876922953,0.541362143,0.598689247
36.6,0.871222496,0.519683333,0.59222033
36.7,0.858663695,0.502353125,0.600813182
36.8,0.840832941,0.488864118,0.595953929
36.9,0.832249381,0.47351125,0.602679615
37,0.819815535,0.452827059,0.59257507
37.1,0.811624482,0.4251945,0.593487813
37.2,0.801151831,0.400452222,0.581290161
37.3,0.785710092,0.374841111,0.587941452
37.4,0.768363627,0.345943158,0.583624194
37.5,0.7408935,0.3212705,0.587124918
37.6,0.717192489,0.291983478,0.586350462
37.7,0.703531983,0.2741075,0.571965385
37.8,0.676579537,0.2616175,0.565119857
37.9,0.675259349,0.253708276,0.555836351
38,0.673507792,0.248227931,0.545127927
38.1,0.670521083,0.253161071,0.530982039
38.2,0.67985025,0.252546774,0.531736585
38.3,0.698687375,0.239448125,0.557965195
38.4,0.764606286,0.245255882,0.590380615
38.5,0.770466889,0.256276176,0.628982267
38.6,0.786158833,0.265709118,0.662182902
38.7,0.870742437,0.277767647,0.696362832
38.8,0.813986588,0.287045714,0.727953135
38.9,0.8024615,0.312470811,0.755687951
39,0.78533512,0.306003429,0.799895994
39.1,0.777472,0.314771875,0.820054575
39.2,0.753652586,0.319686563,0.834539151
39.3,0.732592645,0.319175625,0.842904115
39.4,0.712983727,0.336109688,0.848905838
39.5,0.672974286,0.33435129,0.855546079
39.6,0.669238378,0.309097,0.851658861
39.7,0.660628684,0.327744828,0.840650025
39.8,0.64864475,0.335574667,0.836750198
39.9,0.633677619,0.32457275,0.832790177
40,0.615539778,0.329431364,0.820267506
40.1,0.591135957,0.342532553,0.801645534
40.2,0.563226327,0.3551912,0.780930954
40.3,0.529899216,0.365946792,0.749207429
40.4,0.514346481,0.390680968,0.714541486
40.5,0.499550185,0.39100873,0.675711619
40.6,0.497371667,0.385708095,0.626948527
40.7,0.500401346,0.375574032,0.58640343
40.8,0.51393037,0.3602615,0.55925619
40.9,0.52193902,0.345363559,0.54303954
41,0.535301961,0.330489831,0.544977871
41.1,0.5459092,0.315934576,0.542204307
41.2,0.554031731,0.305799677,0.557089836
41.3,0.556861481,0.291247903,0.575074018
41.4,0.554611852,0.277158475,0.5684447
41.5,0.548562037,0.258999683,0.558416484
41.6,0.542633148,0.260403065,0.553746941
41.7,0.501339825,0.260754603,0.542342222
41.8,0.504902857,0.300071034,0.534041795
41.9,0.521885357,0.323445745,0.532231728
42,0.550115091,0.372624545,0.517329259
42.1,0.563524545,0.350629512,0.504078375
42.2,0.586241321,0.380085833,0.498026375
42.3,0.596381923,0.419676452,0.49786525
42.4,0.701742041,0.3990875,0.500106951
42.5,0.689962128,0.416661667,0.499334321
42.6,0.6709725,0.431645882,0.493948592
42.7,0.637195854,0.452620556,0.492479508
42.8,0.613225128,0.513,0.492523571
42.9,0.579831944,0.507353889,0.515448298
43,0.655778286,0.507744444,0.517004651
43.1,0.629575455,0.54832,0.497253333
43.2,0.620772333,0.505985882,0.487189756
43.3,0.577611379,0.487557647,0.4703375
43.4,0.605147143,0.446957059,0.435673333
43.5,0.627132593,0.547436923,0.394922
43.6,0.640012308,0.464153333,0.366771905
43.7,0.64314,0.400630909,0.342030256
43.8,0.644554545,0.324373333,0.311279737
43.9,0.635029,0.255147143,0.292568235
44,0.6178025,0.178503846,0.27356875
44.1,0.612929,0.087233557,0.261451875
44.2,0.600311364,0.073562785,0.257214333
44.3,0.584037391,0.064369037,0.256978333
44.4,0.563708696,0.07007872,0.241441429
44.5,0.5524225,0.077440028,0.248724231
44.6,0.535399259,0.083899357,0.25908963
44.7,0.528888148,0.090833816,0.257159231
44.8,0.5375032,0.104352533,0.287730435
44.9,0.530776,0.11891294,0.327568696
45,0.523397826,0.136145123,0.342323333
45.1,0.523377826,0.146218702,0.364127273
45.2,0.5213775,0.159256037,0.433534286
45.3,0.517291429,0.17007434,0.443323333
45.4,0.463997143,0.177219022,0.465573333
45.5,0.436350526,0.177754406,0.447997857
45.6,0.411405556,0.196076491,0.452807333
45.7,0.396288824,0.214006396,0.437545385
45.8,0.38007375,0.229463144,0.445128462
45.9,0.363337647,0.25270955,0.453525
46,0.363460667,0.282910059,0.458932143
46.1,0.420791429,0.319190253,0.458607692
46.2,0.437693846,0.347441013,0.460882857
46.3,0.441822154,0.373269261,0.439034615
46.4,0.459375846,0.488994699,0.433058571
46.5,0.452474232,0.500906287,0.428168571
46.6,0.468238937,0.504022325,0.419896154
46.7,0.45897548,0.422453702,0.4206575
46.8,0.46891215,0.420964066,0.418035
46.9,0.482862466,0.41542893,0.437769091
47,0.477909309,0.405455125,0.426489091
47.1,0.486688674,0.394143437,0.427477273
47.2,0.502287541,0.383878019,0.409548462
47.3,0.473539084,0.374274505,0.416800833
47.4,0.468639664,0.369902544,0.425291667
47.5,0.473510503,0.369482863,0.442658182
47.6,0.465267437,0.294853144,0.459881
47.7,0.460792409,0.303291514,0.493484545
47.8,0.460045294,0.317847989,0.522768
47.9,0.488320228,0.333157581,0.568972222
48,0.50072309,0.382264895,0.596915556
48.1,0.513544307,0.424348154,0.622372
48.2,0.579951959,0.560589013,0.620134
48.3,0.681017556,0.609842556,0.617320909
48.4,0.707029302,0.640595828,0.63510125
48.5,0.718467113,0.667667901,0.62662625
48.6,0.712783966,0.682726634,0.61531375
48.7,0.687046022,0.709365372,0.60969
48.8,0.663332297,0.707469473,0.60181
48.9,0.610365047,0.70475977,0.6022575
49,0.569781668,0.699279521,0.596875714
49.1,0.536246448,0.693577848,0.592004286
49.2,0.525834919,0.68742993,0.537442
49.3,0.498748274,0.677050411,0.591213333
49.4,0.493110656,0.637816271,0.583002222
49.5,0.480390627,0.62435966,0.55978
49.6,0.486721715,0.611344287,0.548999
49.7,0.496584459,0.598414775,0.593281818
49.8,0.514165255,0.587021117,0.598158182
49.9,0.537030124,0.576255374,0.598850909
50,0.555912476,0.566754442,0.596410909
50.1,0.576445482,0.553430381,0.590767
50.2,0.592537889,0.514917396,0.591511111
50.3,0.61022441,0.488244494,0.570515714
50.4,0.632914196,0.45787711,0.55877875
50.5,0.647133089,0.419410323,0.5499525
50.6,0.664556337,0.374268353,0.560031111
50.7,0.664568738,0.326477158,0.545847778
50.8,0.66517631,0.27679285,0.531778889
50.9,0.651937535,0.232168311,0.497063333
51,0.64268304,0.199401906,0.461055556
51.1,0.641794986,0.178381103,0.414094444
51.2,0.618795127,0.142121048,0.364273333
51.3,0.61542367,0.124773715,0.2625
51.4,0.600283107,0.092221548,0.23572
51.5,0.599081381,0.06667689,0.225495
51.6,0.59984321,0.046033222,0.212275
51.7,0.590911038,0.019180337,0.19355
51.8,0.578342467,0.00040419,0.19103
51.9,0.555345761,-0.017892614,0.176856667
52,0.527657134,-0.030004998,0.168756667
52.1,0.500311846,-0.042839199,0.1598325
52.2,0.461115197,-0.055959707,0.121008
52.3,0.421110715,-0.073896422,0.053076667
52.4,0.384679521,-0.086851053,0.02709
52.5,0.308993024,-0.100077832,0.013052
52.6,0.30088934,-0.114936361,-0.002084
52.7,0.284204738,-0.124601984,-0.032853333
52.8,0.271442108,-0.131522131,-0.046241667
52.9,0.264043206,-0.136719287,-0.05422
53,0.258353646,-0.14148502,-0.06526
53.1,0.252816303,-0.140752281,-0.09402
53.2,0.250161765,-0.136969314,-0.091696364
53.3,0.244570244,-0.127715931,-0.033229231
53.4,0.236433004,-0.123438434,-0.005333333
53.5,0.222435559,-0.116288882,-0.007030667
53.6,0.227505362,-0.103237142,0.008416
53.7,0.231924519,-0.083948258,0.034443333
53.8,0.241280243,-0.053883971,0.101642
53.9,0.26393133,-0.019679933,0.161115789
54,0.296318057,0.02947913,0.247535909
54.1,0.337020764,0.082463207,0.340204545
54.2,0.386624582,0.160443535,0.3710504
54.3,0.443204894,0.235699052,0.424217143
54.4,0.450455061,0.294743216,0.492098
54.5,0.567601448,0.352842842,0.573170294
54.6,0.658817732,0.411463748,0.627426111
54.7,0.736222593,0.460682873,0.681228269
54.8,0.791315043,0.492636392,0.71479029
54.9,0.865547088,0.517159349,0.757397708
55,0.911830466,0.535176352,0.782332768
55.1,0.888200496,0.548278561,0.813605965
55.2,0.861603955,0.5635267,0.835298496
55.3,0.818810634,0.570465913,0.854938938
55.4,0.771566067,0.578119094,0.882818783
55.5,0.722308918,0.590053363,0.885943583
55.6,0.704830675,0.604735478,0.889298115
55.7,0.660691974,0.625532233,0.914047143
55.8,0.625239067,0.664187019,0.967772991
55.9,0.601915742,0.718097723,1.014118376
56,0.596887296,0.7504878,1.074863421
56.1,0.612521715,0.8346253,1.130038584
56.2,0.652385536,0.929817414,1.142164587
56.3,0.733365513,1.024931926,1.033781038
56.4,0.869332574,1.139512395,0.943409524
56.5,1.070757154,1.265984847,1.058774951
56.6,1.270755212,1.393058781,1.148978641
56.7,1.542261174,1.500429244,1.349103333
56.8,1.774179163,1.610495539,1.582535915
56.9,2.012760914,1.690328915,1.803112826
57,2.096998632,1.732963665,2.099338485
57.1,2.110439689,1.767966501,2.169003871
57.2,2.131533001,1.799868903,2.209477241
57.3,2.154903014,1.825194509,2.237424074
57.4,2.184826189,1.850338245,2.243794615
57.5,2.228671506,1.874438578,2.25315381
57.6,2.276400216,1.893701774,2.243105789
57.7,2.325183129,1.901815242,2.213248421
57.8,2.370812371,1.904568715,2.174304211
57.9,2.406447292,1.889465783,2.138363158
58,2.423913459,1.865745393,2.095923684
58.1,2.431087944,1.840404417,2.044153684
58.2,2.435812484,1.814834379,1.984813684
58.3,2.434458943,1.791135612,1.917972222
58.4,2.412684043,1.768277108,1.865402941
58.5,2.38192396,1.753457092,1.820505333
58.6,2.345273166,1.746186394,1.748380833
58.7,2.304417963,1.735507561,1.698052727
58.8,2.267300303,1.722301296,1.629116
58.9,2.21977011,1.706964583,1.56972375
59,2.172495336,1.685690581,1.465586
59.1,2.12306921,1.661442618,1.2392125
59.2,2.079421234,1.628495727,1.09138
59.3,2.03115893,1.589422462,0.9390025
59.4,1.902644043,1.548288504,NaN
59.5,1.827564694,1.504507552,NaN
59.6,1.746628383,1.462306553,NaN
59.7,1.674574481,1.421274507,NaN
59.8,1.624945773,1.383836796,NaN
59.9,1.459761168,1.295169833,0.799353333
60,1.544960321,1.23418287,0.799033333
60.1,1.514099409,1.154456534,0.79843
60.2,1.488723537,1.067526484,0.797553333
60.3,1.488145215,0.97151266,0.80527
60.4,1.4867895,0.871440713,0.80897
60.5,1.486699551,0.774876025,0.8143075
60.6,1.483087207,0.697686347,0.82019
60.7,1.48253805,0.627905805,0.8248
60.8,1.476799203,0.583476465,0.837276667
60.9,1.467835935,0.563429822,0.851004286
61,1.459135374,0.558339938,0.86319
61.1,1.441779555,0.56689142,0.8746025
61.2,1.424128738,0.602136824,0.88268875
61.3,1.401817332,0.640299649,0.892754444
61.4,1.366135834,0.683483647,0.89601
61.5,1.348790522,0.718189674,0.896761111
61.6,1.354051116,0.745121005,0.892918
61.7,1.348665147,0.760583335,0.889552727
61.8,1.329532741,0.768437476,0.886777273
61.9,1.318588943,0.786045295,0.882818
62,1.305865354,0.781800512,0.87958
62.1,1.272460747,0.785278738,0.871918
62.2,1.245570281,0.78936736,0.8669
62.3,1.242811244,0.794775803,0.857562222
62.4,1.254106836,0.811336807,0.848791111
62.5,1.264696297,0.821440121,0.836506667
62.6,1.273659741,0.83649785,0.826211111
62.7,1.2778551,0.864788722,0.816401111
62.8,1.284157565,0.87947432,0.81285
62.9,1.287065044,0.896645665,0.809192857
63,1.288552207,0.957364575,0.816701667
63.1,1.288491579,0.931661843,0.83389
63.2,1.286640295,0.914033645,0.865176
63.3,1.283090598,0.883129993,0.907285
63.4,1.276951614,0.901639959,0.96167
63.5,1.273701077,0.922348268,1.00578
63.6,1.270843992,0.946937132,1.0852125
63.7,1.269740498,0.96820518,1.1523775
63.8,1.270299131,0.987581771,1.2011875
63.9,1.272375452,1.00405685,1.258418333
64,1.275795719,1.016827393,1.340395556
64.1,1.281315584,1.02624139,1.376903333
64.2,1.283861496,1.034014941,1.412015
64.3,1.294459367,1.040332139,1.425638
64.4,1.298388997,1.047357673,1.440489
64.5,1.321377207,1.055152215,1.444354
64.6,1.351748685,1.066237694,1.444495455
64.7,1.400306233,1.078974202,1.44747
64.8,1.454092208,1.093505614,1.467817
64.9,1.523868952,1.108257181,1.476024
65,1.600909755,1.124908468,1.491339
65.1,1.685856884,1.14456698,1.501435
65.2,1.735536923,1.167918423,1.517994
65.3,1.777799871,1.194228262,1.516765455
65.4,1.82416617,1.223672746,1.527784545
65.5,1.83615607,1.254728337,1.516918182
65.6,1.841901698,1.283621962,1.510552
65.7,1.842703735,1.311784697,1.493294444
65.8,1.834073748,1.331407773,1.484936
65.9,1.817449898,1.341098994,1.479777143
66,1.790940697,1.34224081,1.4423375
66.1,1.752903241,1.336074827,1.3940925
66.2,1.703972889,1.3137548,1.359663333
66.3,1.654108772,1.292336426,1.330226667
66.4,1.612443348,1.264688392,1.306253333
66.5,1.582834623,1.235177255,1.284263333
66.6,1.563422063,1.207974173,1.244373333
66.7,1.569992389,1.189117628,1.22722
66.8,1.582216463,1.176051427,1.19965
66.9,1.594137026,1.154475797,1.179978
67,1.605649016,1.138773319,1.159302
